"","Country","Q1_2020_cases","Q2_2020_cases","Q3_2020_cases","Q1rate100kcases","Q2rate100kcases","Q3rate100kcases","Q1_2020_deaths","Q2_2020_deaths","Q3_2020_deaths","Q1rate100kdeaths","Q2rate100kdeaths","Q3rate100kdeaths","Population2018","Density2018","Urban2018"
"1","Afghanistan",175,31507,39268,0.470779572772111,84.7591542818909,105.637555792087,4,752,1460,0.0107606759490768,2.02300707842644,3.92764672141304,37172386,56.937760009803,25.495
"2","Albania",243,2535,13649,8.47760377563865,88.4391998816624,476.176189027539,15,62,387,0.523308875039423,2.16301001682961,13.5013689760171,2866376,104.612262773723,60.319
"3","Algeria",716,13907,51530,1.69554022480922,32.9327903720974,122.026798581591,44,912,1736,0.104195209345818,2.15968252098604,4.11097462328044,42228429,17.7300750711665,72.629
"4","Andorra",376,855,2050,488.273641014986,1110.30309326546,2662.13022361894,12,52,53,15.5832013089889,67.5272056722853,68.8258057813677,77006,163.842553191489,88.062
"5","Angola",7,284,4972,0.0227200716448248,0.921785763875748,16.137742316867,2,13,183,0.00649144904137851,0.0421944187689603,0.593967587286134,30809762,24.7130520574316,65.514
"6","Antigua and Barbuda",7,69,101,7.27000810086617,71.6615084228237,104.89583116964,0,3,3,0,3.11571775751407,3.11571775751407,96286,218.831818181818,24.599
"7","Argentina",1054,64530,751001,2.36883199636665,145.029154388558,1687.85123159711,27,1307,16937,0.060681654555882,2.93744157424214,38.065377156036,44494502,16.2585100979651,91.87
"8","Armenia",532,25542,50359,18.0230478193467,865.309562785252,1706.05764123023,3,443,959,0.101633728304587,15.007913879644,32.4889151480329,2951776,103.680224798033,63.149
"9","Australia",4559,7920,27096,18.2486368160224,31.7019529683916,108.459105761558,18,104,888,0.0720498931099808,0.416288271302111,3.55446139342572,24982688,3.24787091037205,86.012
"10","Austria",10180,17766,44813,115.151584391915,200.961006709899,506.90451388555,128,705,799,1.44787846779619,7.97464312340868,9.0379288731965,8840521,107.127966860564,58.297
"11","Azerbaijan",298,17524,40229,2.99805699749018,176.301848402745,404.727634067224,5,213,591,0.0503029697565467,2.14290651162889,5.94581102522382,9939771,120.23431716463,55.68
"12","Bahamas",14,104,4123,3.63032880406597,26.9681568302043,1069.13183279743,0,11,96,0,2.85240120319469,24.8936832278809,385640,38.5254745254745,83.025
"13","Bahrain",567,26758,70864,36.1275589557797,1704.94042775794,4515.24398208532,4,87,251,0.254868140781515,5.54338206199795,15.9929758340401,1569439,2017.27369979138,89.287
"14","Bangladesh",51,145483,363479,0.031607121937345,90.162723937466,225.265197542436,5,1847,5251,0.00309873744483775,1.14467361212306,3.2542940645686,161356039,1239.57931166936,36.632
"15","Barbados",34,97,190,11.861527136732,33.840239184206,66.2850045876201,0,7,7,0,2.442079116386,2.442079116386,286641,666.606976744186,31.147
"16","Belarus",152,62118,78631,1.60278395136647,655.011404545938,829.134900525639,1,392,833,0.01054463125899,4.13349545352406,8.78367783873863,9483499,46.7195037884204,78.595
"17","Belgium",12775,61427,118452,111.796093726345,537.557624213555,1036.59263358692,705,9747,10016,6.16956916454582,85.2975753855718,87.6516379462283,11427054,377.379590488771,98.001
"18","Belize",3,24,1992,0.783144638983374,6.26515711186699,520.00804028496,0,2,27,0,0.522096425988916,7.04830175085036,383071,16.7939938623411,45.724
"19","Benin",9,1199,2357,0.0783627547747297,10.4396603305445,20.5223347782264,0,21,41,0,0.182846427807703,0.356985882862658,11485048,101.853919829727,47.312
"20","Bhutan",4,77,282,0.530226910606394,10.2068680291731,37.3809971977508,0,0,0,0,0,0,754394,19.7775277714448,40.895
"21","Bolivia",107,33219,135311,0.942470375161343,292.597414883034,1191.83746666782,6,1123,7965,0.0528488060838136,9.89153487202045,70.1567900762626,11353142,10.4801458506416,69.425
"22","Bosnia and Herzegovina",420,4453,27469,12.6356489564007,133.967963816315,826.401526627073,13,186,856,0.391103420079069,5.59578739497745,25.7526559682833,3323929,64.92048828125,48.245
"23","Botswana",4,227,3172,0.177452369565854,10.0704219728622,140.719729065722,1,1,16,0.0443630923914635,0.0443630923914635,0.709809478263416,2254126,3.97742487604327,69.446
"24","Brazil",5717,1402041,4810935,2.7292777983878,669.32995867228,2296.725220393,201,59594,143952,0.0959567670939211,28.4499879512196,68.7222315258912,209469333,25.0617162430876,86.569
"25","Brunei",129,141,146,30.0725938428113,32.8700444328402,34.0356488453523,1,3,3,0.233120882502413,0.699362647507238,0.699362647507238,428962,81.3969639468691,77.629
"26","Bulgaria",399,4989,20833,5.6796853881339,71.017419552381,296.553598223041,8,230,825,0.113878403772108,3.27400410844811,11.7437103889987,7025037,64.7110998526161,75.008
"27","Burkina Faso",261,962,2056,1.3214162848609,4.87050753270569,10.4093175543065,14,53,58,0.0708805670040328,0.268333575086696,0.293648063302422,19751535,72.1912828947368,29.358
"28","Burundi",2,170,508,0.0178964863649355,1.52120134101952,4.54570753669361,0,1,1,0,0.00894824318246774,0.00894824318246774,11175378,435.178271028037,13.032
"29","Cabo Verde",6,1227,6024,1.10341377832785,225.648117668045,1107.82743344116,1,15,60,0.183902296387975,2.75853444581963,11.0341377832785,543767,134.929776674938,65.732
"30","Cambodia",109,141,277,0.670777569050397,0.867703093909229,1.70463657455927,0,0,0,0,0,0,16249798,92.0564128710628,23.388
"31","Cameroon",193,12592,20838,0.765379862189588,49.9360788844109,82.6372309238686,6,313,418,0.0237941926069302,1.24126371432819,1.65766208494947,25216237,53.3439889149796,56.374
"32","Canada",8527,106097,161107,23.0100223259552,286.301669838966,434.745592455454,101,8650,9346,0.272547467447106,23.3419365684898,25.2200854530758,37057765,4.07518823864492,81.411
"33","Central African Republic",3,3745,4829,0.0642897048395361,80.2549815413542,103.48499489004,0,47,62,0,1.0072053758194,1.32865390001708,4666377,7.49041221227006,41.364
"34","Chad",7,866,1200,0.0452262088981791,5.5951281294033,7.75306438254498,0,74,85,0,0.478105636923607,0.549175393763603,15477751,12.2917336404066,23.059
"35","Chile",2844,279393,462991,15.1848774851622,1491.75403488464,2472.03291551783,12,5688,12741,0.0640712130175619,30.3697549703244,68.0276104213964,18729160,25.1894460666519,87.564
"36","China",82279,84785,90545,5.90774952790562,6.08768390140228,6.50126011502588,3309,4641,4739,0.237590918555642,0.333230417956101,0.34026695770178,1392730000,148.348833270666,59.152
"37","Colombia",906,97846,829679,1.82482174502708,197.076720158852,1671.0996474529,16,3334,25998,0.0322264325832598,6.71518288953675,52.3639246437242,49648685,44.7487021180712,80.778
"38","Comoros",0,303,479,0,36.4041801129851,57.5498424888445,0,7,7,0,0.841020662676224,0.841020662676224,832322,447.244477540227,28.965
"39","Congo (Brazzaville)",19,1087,5089,0.362293761892531,20.727016798799,97.0375239090048,0,37,89,0,0.705519431053876,1.69706025307554,5244363,15.3568462664715,66.916
"40","Congo (Kinshasa)",98,7039,10659,0.116572172431036,8.37297471165368,12.6790080198205,8,170,272,0.00951609570865598,0.202217033808939,0.323547254094303,84068091,37.0825923557045,44.46
"41","Costa Rica",347,3459,75760,6.94077597875442,69.1877351887941,1515.36941830097,2,16,904,0.0400044725000255,0.320035780000204,18.0820215700115,4999441,97.9130630630631,79.34
"42","Cote d'Ivoire",179,9499,19724,0.714022756742938,37.8910735547551,78.6781276759648,1,68,120,0.00398895394828457,0.271248868483351,0.478674473794148,25069229,78.8340534591195,50.779
"43","Croatia",867,2777,16593,21.2092294151219,67.9331373538563,405.910892370377,6,107,280,0.146776674153092,2.61751735573015,6.84957812714432,4087843,73.0493745532523,56.947
"44","Cuba",186,2341,5597,1.64048100314179,20.6471291847039,49.3643665300246,6,86,122,0.0529187420368318,0.758501969194589,1.07601442141558,11338138,108.999596231494,77.037
"45","Cyprus",262,998,1755,22.0304137429421,83.9173775399091,147.570137858257,8,19,22,0.672684389097468,1.59762542410649,1.84988207001804,1189265,128.708333333333,66.81
"46","Czechia",3308,11954,70763,31.1196839715189,112.456076842665,665.695948269828,31,349,655,0.291629444714959,3.2831831034039,6.16184794478382,10629928,137.657705257705,73.792
"47","Denmark",3039,12968,28479,52.4541065403488,223.831804414361,491.55659761849,90,605,650,1.5534286240972,10.4424924175423,11.2192067295909,5793636,137.976565849012,87.874
"48","Djibouti",30,4682,5416,3.1285195845326,488.257623159388,564.802068994285,0,54,61,0,5.63133525215868,6.36132315521628,958920,41.3684210526316,77.777
"49","Dominica",12,18,30,16.7539267015707,25.130890052356,41.8848167539267,0,0,0,0,0,0,71625,95.5,70.483
"50","Dominican Republic",1109,32568,112209,10.4355206680239,306.459907228315,1055.86955693263,51,747,2105,0.479902212866743,7.02915594140112,19.807728589892,10627165,219.97857586421,81.074
"51","Ecuador",2240,56432,137047,13.1114094607131,330.313865485251,802.178273376048,75,4527,11355,0.43899808462209,26.4979243877894,66.4643100117845,17084357,68.7886817522951,63.821
"52","Egypt",710,68311,103198,0.721371740180797,69.4051055542119,104.850874427011,46,2953,5930,0.0467367606314319,3.00029682923084,6.02497805531285,98423595,98.8734692852479,42.704
"53","El Salvador",32,6438,29077,0.498384610879985,100.268753901417,452.860291579917,1,174,843,0.0155745190899995,2.70996632165992,13.1293195928696,6420744,309.881467181467,72.023
"54","Equatorial Guinea",12,2001,5030,0.916748537404104,152.867818612134,384.27042859522,0,32,83,0,2.44466276641094,6.34084405037839,1308974,46.6657397504456,72.143
"55","Eritrea",15,203,375,NA,NA,NA,0,0,0,NA,NA,NA,NA,NA,NA
"56","Estonia",745,1989,3371,56.3549895346137,150.45647541523,254.99687210897,4,69,64,0.30257712501806,5.21945540656154,4.84123400028896,1321977,30.4112491373361,68.88
"57","Eswatini",9,812,5482,0.792120338921889,71.4668572449526,482.489299774422,0,11,109,0,0.968147080904531,9.59345743805399,1136191,66.0576162790698,23.799
"58","Ethiopia",26,5846,75368,0.0238041702690692,5.35227613049919,69.0027963399697,0,103,1198,0,0.0943011360659282,1.09682292239788,109224559,109.224559,20.763
"59","Fiji",5,18,32,0.565941846079664,2.03739064588679,3.62202781490985,0,0,2,0,0,0.226376738431866,883483,48.3570333880679,56.248
"60","Finland",1418,7214,9992,25.7092479863658,130.794439332611,181.161358166267,17,328,344,0.308220885591127,5.94685002787586,6.2369402731381,5515525,18.1485472672831,85.382
"61","France",52827,202063,604031,78.8864041753064,301.740085313853,901.997720870284,3532,29846,31986,5.27432524177375,44.5689442712286,47.7645999952931,66965912,122.299437237519,80.444
"62","Gabon",16,5394,8766,0.754975168394852,254.521003645115,413.63202038433,1,42,54,0.0471859480246783,1.98180981703649,2.54804119333263,2119275,8.22476423332169,89.37
"63","Gambia",4,49,3579,0.175430748273542,2.14902666635089,156.966662017752,1,2,112,0.0438576870683855,0.0877153741367711,4.91206095165918,2280102,225.30652173913,61.27
"64","Georgia",110,928,6192,2.95179266393653,24.9023962921191,166.159092500863,0,15,39,0,0.40251718144589,1.04654467175931,3726549,65.197330207495,58.632
"65","Germany",71808,195418,292913,86.6139830874522,235.710942332104,353.308289161304,775,8990,9495,0.934796079723366,10.843634524791,11.4527597122237,82905782,237.30759674834,77.312
"66","Ghana",161,17741,46626,0.540865441143963,59.5993403188513,156.635975520363,5,112,301,0.0167970633895641,0.376254219926235,1.01118321605176,29767108,130.821429199262,56.06
"67","Greece",1314,3409,18475,12.242750828715,31.7622051560802,172.134567397648,49,192,391,0.456540936535033,1.78889509825972,3.64301033031016,10732882,83.2651823118697,79.058
"68","Grenada",9,23,24,8.07508030218745,20.6363163278124,21.5335474724999,0,0,0,0,0,0,111454,327.805882352941,36.272
"69","Guatemala",38,18096,91746,0.232459266101628,110.699549457238,561.24231125684,1,773,3246,0.00611734910793757,4.72871086043574,19.8569152043653,16346950,152.547125793206,51.054
"70","Guinea",22,5391,10652,0.177214728992765,43.4256638181816,85.804149692315,0,33,66,0,0.265822093489147,0.531644186978294,12414318,50.5222122741332,36.14
"71","Guinea-Bissau",8,1654,2324,0.426823965525428,88.2458548723823,123.992361985137,0,24,39,0,1.28047189657628,2.08076683193646,1874309,66.6539473684211,43.36
"72","Guyana",12,245,2894,1.54042854722184,31.4504161724458,371.500017971666,2,12,80,0.25673809120364,1.54042854722184,10.2695236481456,779004,3.95734823469647,26.606
"73","Haiti",15,5975,8766,0.134853570598901,53.7166722885622,78.8084266579977,0,105,229,0,0.943974994192306,2.05876451114322,11123176,403.59854862119,55.278
"74","Honduras",141,19558,76900,1.4706615536319,203.994316779664,802.084209037539,7,497,2353,0.0730115664923637,5.18382122095782,24.5423165652188,9587522,85.6870319063366,57.096
"75","Hungary",492,4155,26461,5.03295768919318,42.5039414605643,270.68514921492,16,585,765,0.16367342078677,5.98430944751628,7.82563543136744,9775564,107.981486799956,71.351
"76","Iceland",1135,1824,2728,321.784072964184,517.122598314248,773.415815899819,2,10,10,0.56702039288843,2.83510196444215,2.83510196444215,352721,3.51841396508728,93.813
"77","India",1397,585481,6312584,0.103281243784273,43.2850435877308,466.694006451468,35,17400,98678,0.00258757590010706,1.28639487605322,7.29533756202183,1352617328,454.938072575247,34.03
"78","Indonesia",1528,56385,287008,0.570866170046723,21.06563416105,107.22719746909,136,2876,10740,0.0508100779622738,1.07448370749632,4.01250174496191,267663435,147.75219008926,55.325
"79","Iran",44605,227662,457219,54.5291605336897,278.314488183407,558.945594665465,2898,10817,26169,3.54277563561558,13.2236728952566,31.9913373390007,81800269,50.222420123284,74.898
"80","Iraq",694,49109,362981,1.80571166895633,127.77621664377,944.436638774406,50,1943,9181,0.130094500645269,5.05547229507514,23.8879522084842,38433600,88.5305700354617,70.473
"81","Ireland",3235,25473,36155,66.4637348386667,523.347980694083,742.811849487479,71,1736,1804,1.45870948177599,35.6664740896215,37.0635479594914,4867316,70.6534475250399,63.17
"82","Israel",5358,25244,245494,60.3188183905976,284.189669923898,2763.70063493493,20,320,1569,0.225154230647994,3.6024676903679,17.6633493943351,8882800,410.480591497227,92.418
"83","Italy",105792,240578,314861,175.089239373365,398.16450232499,521.105310404728,12428,34767,35894,20.568748742175,57.5405284453813,59.4057505110742,60421760,205.418372203713,70.438
"84","Jamaica",36,702,6482,1.22663640963523,23.919409987887,220.862700201543,1,10,107,0.0340732336009786,0.340732336009786,3.64583599530471,2934855,270.993074792244,55.674
"85","Japan",2255,18615,83591,1.78219871950405,14.7120306712053,66.0646444177663,67,972,1575,0.0529522457679696,0.768202729648753,1.24477294156048,126529100,347.073458415624,91.616
"86","Jordan",274,1132,11825,2.75210624013975,11.3700155614533,118.772468210411,5,9,61,0.0502209167908714,0.0903976502235685,0.612695184848631,9956011,112.14249831043,90.979
"87","Kazakhstan",343,22308,140707,1.87672709846473,122.058390998692,769.879416453868,2,188,2078,0.0109430151513978,1.0286434242314,11.3697927423024,18276498.5,6.76982572137645,57.428
"88","Kenya",59,6366,38529,0.114801604342692,12.386898529586,74.9693392155859,1,148,711,0.00194578990411342,0.287976905808786,1.38345662182464,51393010,90.2994166637383,27.03
"89","Korea, South",9786,12850,23889,18.9626786928727,24.8998999799115,46.2905611377514,162,282,415,0.313913135933515,0.546441384773155,0.804160193903756,51606633,529.358501289308,81.459
"90","Kosovo",106,2799,15620,5.89844108653736,155.752232086963,869.185375204846,1,49,625,0.055645670627711,2.72663786075784,34.7785441423194,1797085,NA,NA
"91","Kuwait",289,46195,105182,6.98521165433016,1116.54620197848,2542.2786582206,0,354,610,0,8.55628001949092,14.7438723499702,4137312,232.172390572391,100
"92","Kyrgyzstan",107,5506,46669,1.69228822673499,87.0816726766622,738.106535079395,0,61,1064,0,0.964762447017144,16.8279876004302,6322800,32.9655891553702,36.351
"93","Laos",9,19,23,0.127451548231843,0.269064379600558,0.325709512148044,0,0,0,0,0,0,7061507,30.5957842287695,35.004
"94","Latvia",398,1118,1824,20.6520013242188,58.0124057298407,94.6463578275755,0,30,37,0,1.55668351690091,1.91990967084446,1927174,30.9934705693149,68.142
"95","Lebanon",470,1778,39634,6.86239081315681,25.960278437857,578.689356358845,12,34,367,0.175209978208259,0.496428271590067,5.35850516686925,6848925,669.494134897361,88.593
"96","Lesotho",0,27,1595,0,1.28075471554912,75.6593989370685,0,0,36,0,0,1.70767295406549,2108132,69.437812911726,28.153
"97","Liberia",3,780,1343,0.0622538767045371,16.1860079431796,27.8689854713978,0,36,82,0,0.747046520454445,1.70160596325735,4818977,50.0309073920266,51.151
"98","Libya",10,824,34525,0.149732719608862,12.3379760957702,516.952214449597,0,24,551,0,0.359358527061269,8.25027285044831,6678567,3.79563238119054,80.102
"99","Liechtenstein",68,82,118,179.372197309417,216.301767343709,311.263518860459,0,1,1,0,2.63782643102084,2.63782643102084,37910,236.9375,14.338
"100","Lithuania",537,1817,4693,19.1680084867518,64.8571162391582,167.514830220346,8,78,92,0.28555692345254,2.78418000366227,3.28390461970421,2801543,44.7230757742448,67.679
"101","Luxembourg",2178,4299,8509,358.253145817913,707.130520602023,1399.62167941443,23,110,124,3.78320585574472,18.0935932231269,20.3964141787976,607950,250.185185185185,90.981
"102","Madagascar",57,2214,16408,0.217040595882291,8.43031367163844,62.4772297760811,0,20,230,0,0.0761545950464178,0.875777843033804,26262368,45.1398556204881,37.191
"103","Malawi",0,1224,5773,0,6.74628644214136,31.8188820510475,0,14,179,0,0.0771634070179568,0.986589275443876,18143315,192.440761561307,16.937
"104","Malaysia",2766,8639,11224,8.77299123953707,27.4005319299931,35.5994409517585,43,121,136,0.136384173282753,0.383778720167746,0.431354594568706,31528585,95.9628214883579,76.036
"105","Maldives",18,2361,10291,3.4904284694859,457.8278675809,1995.55552108219,0,9,34,0,1.74521423474295,6.59303155347336,515696,1718.98666666667,39.808
"106","Mali",28,2181,3118,0.146768293226276,11.4322016973753,16.3436977956975,2,116,131,0.0104834495161626,0.608040071937431,0.68666594330865,19077690,15.635015858186,42.356
"107","Malta",169,670,3058,34.8719641788581,138.249798815591,630.996842952355,0,9,35,0,1.85708684976167,7.22200441573984,484630,1514.46875,94.612
"108","Marshall Islands",0,0,0,0,0,0,0,0,0,0,0,0,58413,324.516666666667,77.031
"109","Mauritania",6,4363,7502,0.136260852325257,99.0843497825163,170.37148569068,1,129,161,0.0227101420542096,2.92960832499303,3.65633287072774,4403319,4.27216357815077,53.672
"110","Mauritius",143,341,381,11.3016407927587,26.9500665058093,30.1113646296579,5,10,10,0.395162265481075,0.790324530962149,0.790324530962149,1265303,623.30197044335,40.793
"111","Mexico",1215,226089,743216,0.962827809586227,179.164425219375,588.962167349331,29,27769,77646,0.0229810752905355,22.0055682669958,61.5306404141006,126190788,64.9146264050001,80.156
"112","Moldova",353,16613,53042,13.0448487813783,613.920886133252,1960.12710782399,4,545,1320,0.147816983358394,20.1400639825812,48.7796045082702,2706049,94.2644302783293,42.629
"113","Monaco",52,103,218,134.429450390362,266.273719042449,563.569618944212,1,4,2,2.5851817382762,10.3407269531048,5.1703634765524,38682,NA,100
"114","Mongolia",12,220,313,0.378524058989189,6.93960774813514,9.87316920530136,0,0,0,0,0,0,3170208,2.04060866654651,68.445
"115","Montenegro",109,548,10772,17.5177226317726,88.0707523138662,1731.20099256381,2,12,169,0.321426103335278,1.92855662001167,27.160505731831,622227,46.2622304832714,66.813
"116","Morocco",617,12533,123653,1.71250280814379,34.7857337025382,343.202771046035,36,228,2194,0.0999191265691674,0.63282113493806,6.08951565813204,36029138,80.7285189334528,62.453
"117","Mozambique",8,889,8728,0.0271223566127458,3.01397187859138,29.5904910645057,0,6,61,0,0.0203417674595594,0.206807969172187,29495962,37.508535313716,35.988
"118","Namibia",11,205,11265,0.44929960318676,8.37331078666234,460.123639081713,0,0,121,0,0,4.94229563505436,2448255,2.97374558175127,50.032
"119","Nepal",5,13564,77817,0.0178012779964704,48.291306948825,277.048409970268,0,29,498,0,0.103247412379529,1.77300728844846,28087871,195.939107080572,19.74
"120","Netherlands",12667,50483,125988,73.5101926550858,292.967163164656,731.144087173676,1040,6132,6457,6.03541488602583,35.5857346933754,37.4718018452585,17231624,511.475927574948,91.49
"121","New Zealand",647,1528,1848,13.3650072299112,31.5637265027887,38.1739310059905,1,22,25,0.0206568890725057,0.454451559595125,0.516422226812642,4841000,18.3851733697923,86.538
"122","Nicaragua",5,2519,5170,0.0773333840640333,38.96055889146,79.9627191222104,1,83,151,0.0154666768128067,1.28373417546295,2.33546819873381,6465513,53.7270483629716,58.522
"123","Niger",27,1075,1197,0.120305050833785,4.78992332023404,5.33352392029781,3,67,69,0.0133672278704206,0.298534755772726,0.307446241019674,22442948,17.7176505881424,16.425
"124","Nigeria",135,25694,58848,0.0689215975474939,13.1175668695208,30.0436901664809,2,590,1112,0.00102106070440732,0.301212907800158,0.567709751650468,195874740,215.064988965381,50.344
"125","North Macedonia",329,6334,17977,15.7948455993832,304.086784275055,863.051487355962,9,302,739,0.432077843144221,14.4986120699505,35.4783917870644,2082958,82.5915146708961,57.963
"126","Norway",4641,8879,14027,87.3696044892276,167.152492622248,264.066675753156,39,250,274,0.734198357052333,4.70639972469444,5.15821409826511,5311916,14.5482916341657,82.248
"127","Oman",192,40070,98585,3.97558082304048,829.6954353085,2041.31580958045,1,176,935,0.0207061501200025,3.64428242112044,19.3602503622023,4829483,15.6041453957997,84.539
"128","Pakistan",2118,213470,312806,0.998044294977599,100.591367161883,147.400492792617,27,4395,6484,0.0127229442702527,2.07101259510224,3.05539150549327,212215030,275.289318700706,36.666
"129","Panama",1181,33550,112595,28.2747404577539,803.23246600986,2695.67688555529,30,631,2372,0.718240655150396,15.10699511333,56.7888944672246,4176873,56.1860774818402,67.709
"130","Papua New Guinea",1,11,534,0.0116193734926768,0.127813108419445,6.2047454450894,0,0,7,0,0,0.0813356144487374,8606316,19.0043633794109,13.169
"131","Paraguay",65,2221,40758,0.934435545583132,31.9289437960021,585.934214875035,3,17,857,0.0431277944115291,0.244390834998665,12.3201732702268,6956071,17.5083589227284,61.585
"132","Peru",1065,285213,811768,3.32924279326784,891.589976334554,2537.62700826803,30,9677,32396,0.0937814871343053,30.2507816999558,101.271501906765,31989256,24.99160625,77.907
"133","Philippines",2084,37514,311694,1.95402010664187,35.174237178773,292.25352356988,88,1266,5504,0.0825114056547429,1.18703908589664,5.16071337186028,106651922,357.688305329175,46.907
"134","Poland",2311,34393,91514,6.08562268349364,90.5680748392024,240.986444940388,33,1463,2513,0.0868998479252661,3.8525599246868,6.61755508594527,37974750,124.023482151605,60.058
"135","Portugal",7443,42141,75542,72.3758151395464,409.77955472197,734.571251816688,160,1576,1971,1.55584178722658,15.3250416041818,19.1660260163974,10283822,112.2619412173,65.211
"136","Qatar",781,96088,125760,28.0765883314274,3454.31910318847,4521.01376256122,2,113,214,0.0718990738320804,4.06229767151254,7.69320090003261,2781677,239.593195521103,99.135
"137","Romania",2245,26970,127572,11.5290528279688,138.502697002369,655.137785019883,82,1651,4825,0.421105715765453,8.47860410644834,24.7784765679062,19472545,84.633801286509,53.998
"138","Russia",2337,646929,1170799,1.61754887565472,447.770336576137,810.36568509528,17,9306,20630,0.0117665087232051,6.44112530459684,14.2790044093953,144477860,8.82206795315588,74.433
"139","Rwanda",75,1025,4840,0.609659989372407,8.33201985475623,39.343391314166,0,2,29,0,0.0162575997165975,0.235735195890664,12301939,498.659870287799,17.211
"140","San Marino",236,698,732,698.534852745301,2066.00562379754,2166.64200088797,26,42,42,76.9572295397366,124.315524641113,124.315524641113,33785,563.083333333333,97.226
"141","Sao Tome and Principe",0,714,911,0,338.3437268988,431.696267793847,0,13,15,0,6.16031995754118,7.10806148947059,211028,219.820833333333,72.803
"142","Saudi Arabia",1563,190823,334605,4.63798949001314,566.241246610863,992.894736600031,10,1649,4768,0.029673637172189,4.89318276969397,14.1483902036997,33699947,15.6766543082956,83.844
"143","Senegal",175,6793,14982,1.10379731506034,42.8462580640278,94.4976649956227,0,112,311,0,0.706430281638616,1.96160551419294,15854360,82.3474783150678,47.192
"144","Serbia",900,14564,33551,12.8891742965805,208.57548272822,480.494096471746,16,277,749,0.229140876383653,3.96700142239199,10.7266572757097,6982604,79.8376857992225,56.092
"145","Seychelles",10,81,144,10.334635497406,83.7105475289887,148.818751162646,0,0,0,0,0,0,96762,210.352173913043,56.691
"146","Sierra Leone",1,1462,2231,0.0130716322834808,19.110726398449,29.1628116244457,0,60,72,0,0.78429793700885,0.94115752441062,7650154,105.987170961485,42.055
"147","Singapore",926,43907,57765,16.4222948791525,778.6757033034,1024.44261738039,3,26,27,0.0532039790901268,0.461101152114433,0.478835811811141,5638676,7952.9984184018,100
"148","Slovakia",363,1667,10141,6.66449902153037,30.6052888950169,186.183704069806,0,28,48,0,0.514066040228238,0.881256068962694,5446771,113.285586522463,53.726
"149","Slovenia",802,1600,5690,38.6712146329562,77.1495553774687,274.363106311123,15,111,150,0.723277081663769,5.35225040431189,7.23277081663769,2073894,102.96366052404,54.541
"150","Solomon Islands",0,0,0,0,0,0,0,0,0,0,0,0,652858,23.324687388353,23.749
"151","Somalia",5,2924,3588,0.0333152231780138,19.4827425145025,23.9070041525427,0,90,99,0,0.599674017204248,0.659641418924673,15008154,23.9234769024771,44.971
"152","South Africa",1353,151209,674339,2.34165602537171,261.699531367651,1167.08793975842,5,2657,16734,0.00865356993855031,4.59850706534563,28.9617678703402,57779622,47.6301197767684,66.355
"153","South Sudan",0,2007,2704,0,18.2854831303435,24.6357480739656,0,38,49,0,0.346212435950699,0.446431825304849,10975920,NA,19.615
"154","Spain",95923,249271,769188,204.97351219035,532.655904811158,1643.64298337907,8464,28355,31791,18.0863380751136,60.5905146644431,67.9327473707392,46797754,93.6771974435832,80.321
"155","Sri Lanka",143,2047,3380,0.65989847715736,9.44623904014767,15.597600369174,2,11,13,0.00922934933087217,0.050761421319797,0.0599907706506691,21670000,345.558922022006,18.476
"156","Sudan",7,9257,13640,0.0167457973371455,22.1451208499937,32.6303822398092,2,572,836,0.00478451352489872,1.36837086812103,1.99992665340766,41801533,NA,34.642
"157","Suriname",9,515,4877,1.56252441444398,89.4111192709608,846.714618804808,0,13,104,0,2.25697970975241,18.0558376780193,575991,3.69225,66.06
"158","Sweden",4834,67924,92863,47.5076003315508,667.543699818009,912.639282082912,385,5515,5893,3.78370420514006,54.2003342632401,57.9152438464685,10175214,24.9814981218237,87.431
"159","Switzerland",16605,31714,53282,195.024176303265,372.477972133799,625.792120553481,433,1963,2074,5.08554461543593,23.0552519170918,24.3589365644668,8514329,215.465350480429,73.797
"160","Syria",10,279,4200,0.05914960727914,1.650274043088,24.8428350572388,2,9,200,0.011829921455828,0.053234646551226,1.1829921455828,16906283,92.0671077710614,54.162
"161","Tajikistan",0,5900,9769,0,64.8292019734009,107.341775267484,0,52,76,0,0.571376017392686,0.835088025420079,9100837,65.5727141724908,27.134
"162","Tanzania",19,509,509,0.0337367850349588,0.903790714883895,0.903790714883895,1,21,21,0.00177562026499783,0.0372880255649544,0.0372880255649544,56318348,63.5790787988259,33.776
"163","Thailand",1651,3171,3569,2.37798516356188,4.56728707065701,5.14053849106745,10,58,59,0.0144033020203627,0.0835391517181037,0.0849794819201399,69428524,135.897206835131,49.949
"164","Timor-Leste",1,24,28,0.0788660948349017,1.89278627603764,2.20825065537725,0,0,0,0,0,0,1267972,85.270477471419,30.578
"165","Togo",34,650,1784,0.430974710150494,8.23922239993591,22.6134965561318,1,14,48,0.0126757267691322,0.17746017476785,0.608434884918344,7889094,145.046773303916,41.702
"166","Trinidad and Tobago",87,130,4531,6.25963227898102,9.35347352031646,326.004527081184,3,8,76,0.21584938893038,0.575598370481013,5.46818451956962,1389858,270.927485380117,53.184
"167","Tunisia",394,1174,18413,3.40677086197528,10.1511395735,159.210334724748,10,50,265,0.0864662655323676,0.432331327661838,2.29135603660774,11565204,74.4413233779609,68.945
"168","Turkey",13531,199906,318663,16.4371299398429,242.840950244197,387.104067550081,214,5131,8195,0.259961998900774,6.23301409513958,9.95508682706468,82319724,106.960128893104,75.143
"169","US",192177,2628824,7218052,58.8259420430046,804.69071879184,2209.46683846346,5272,127787,207199,1.6137746267801,39.1159746267734,63.4242201999641,326687501,35.7136220923495,82.256
"170","Uganda",44,889,8129,0.102988687231058,2.08083961246387,19.0271599659379,0,0,75,0,0,0.175548898689303,42723139,213.061734490325,23.774
"171","Ukraine",645,45254,214446,1.44545854628822,101.415164424383,480.577989794301,17,1173,4221,0.0380973570339531,2.62871763534277,9.45934964943036,44622518,77.0296708039151,69.352
"172","United Arab Emirates",664,48667,94190,6.8944328389312,505.318317729314,977.991911293569,6,315,419,0.062299091918053,3.27070232569778,4.35055325227737,9630959,135.609110109828,86.522
"173","United Kingdom",38815,285216,455846,58.4032487102384,429.152157262382,685.891725146653,2457,40479,42233,3.69694144225314,60.9069974118702,63.5461652139507,66460344,274.708981936924,83.398
"174","Uruguay",338,936,2046,9.79909251126098,27.1359484927227,59.3164002308875,1,27,48,0.0289913979623106,0.782767744982386,1.39158710219091,3449299,19.7080276539824,95.334
"175","Uzbekistan",172,8503,56717,0.521906414897394,25.8009898015845,172.098640312416,2,26,470,0.00606867924299295,0.0788928301589084,1.42613962210334,32956100,77.4708509637988,50.478
"176","Vanuatu",0,0,0,0,0,0,0,0,0,0,0,0,292680,24.0098441345365,25.274
"177","Venezuela",135,5832,75122,0.467610281122105,20.200764144475,260.206070655221,3,51,628,0.0103913395804912,0.176652772868351,2.17525375218283,28870195,32.7307919052208,88.208
"178","Vietnam",212,355,1094,0.221895670412499,0.371570580171874,1.14506539354375,0,0,35,0,0,0.0366337191718749,95540395,308.125245912213,35.919
"179","West Bank and Gaza",119,2428,39899,2.60445905276043,53.1397191605238,873.237913832676,1,8,311,0.0218862105273986,0.175089684219189,6.80661147402096,4569087,758.984551495017,76.164
"180","Yemen",0,1158,2034,0,4.06334509375818,7.13717091597939,0,312,587,0,1.09478727914728,2.05974401557517,28498687,53.9778529083092,36.642
"181","Zambia",35,1594,14759,0.201707924389727,9.18635518506356,85.0573501733708,0,24,332,0,0.138314005295813,1.91334373992541,17351822,23.3414789007116,43.521
"182","Zimbabwe",8,591,7838,0.0554054299260518,4.09307613578707,54.2834699700492,1,7,228,0.00692567874075647,0.0484797511852953,1.57905475289247,14439018,37.3245909267158,32.209
