"","Argentina","Belgium","Chile","China (People's Republic of)","Colombia","India","Israel","Japan","Korea","Luxembourg","Spain","United Kingdom","United States"
"2020-01-31",0,0,0,0.00191812380822454,0,0,0,0,0,0,0,0,0
"2020-02-01",0,0,0,0.00222584420526592,0,0,0,0,0,0,0,0,0
"2020-02-02",0,0,0,0.00312849070325394,0,0,0,0,0,0,0,0,0
"2020-02-03",0,0,0,0.00351826987283968,0,0,0,0,0,0,0,0,0
"2020-02-04",0,0,0,0.00369264476449646,0,0,0,0,0,0,0,0,0
"2020-02-05",0,0,0,0.00441065902425965,0,0,0,0,0,0,0,0,0
"2020-02-06",0,0,0,0.00473889411443711,0,0,0,0,0,0,0,0,0
"2020-02-07",0,0,0,0.00517996001686308,0,0,0,0,0,0,0,0,0
"2020-02-08",0,0,0,0.00560051122615294,0,0,0,0,0,0,0,0,0
"2020-02-09",0,0,0,0.00557999653301686,0,0,0,0,0,0,0,0,0
"2020-02-10",0,0,0,0.00602106243544281,0,0,0,0,0,0,0,0,0
"2020-02-11",0,0,0,0.00636981221875637,0,0,0,0,0,0,0,0,0
"2020-02-12",0,0,0,0.00568256999869731,0,0,0,0,0,0,0,0,0
"2020-02-13",0,0,0,0.00754940707408163,0,0,0,0.000112904575198229,0,0,0,0,0
"2020-02-14",0,0,0,0.00823664929414076,0,0,0,0.000112904575198229,0,0,0,0,0
"2020-02-15",0,0,0,0.00880080335538321,0,0,0,0.000112904575198229,0,0,0,0,0
"2020-02-16",0,0,0,0.00883157539508736,0,0,0,0.000112904575198229,0,0,0,0,0
"2020-02-17",0,0,0,0.0087392592759749,0,0,0,0.000112904575198229,0,0,0,0,0
"2020-02-18",0,0,0,0.00913929579212876,0,0,0,0.000225809150396459,0,0,0,0,0
"2020-02-19",0,0,0,0.0102470892214777,0,0,0,0.000225809150396459,0,0,0,0,0
"2020-02-20",0,0,0,0.00891363416763173,0,0,0,0.000112904575198229,0.000276819343856714,0,0,0,0
"2020-02-21",0,0,0,0.00735451748928871,0,0,0,0.000112904575198229,0.00055363868771343,0,0,0,0
"2020-02-22",0,0,0,0.00800073032307571,0,0,0,0.000112904575198229,0.00055363868771343,0,0,0,0
"2020-02-23",0,0,0,0.006964738319703,0,0,0,0.000112904575198229,0.00166091606314029,0,0,0,0
"2020-02-24",0,0,0,0.00749812034124143,0,0,0,0.000112904575198229,0.00221455475085371,0,0,0,0
"2020-02-25",0,0,0,0.00679036342804614,0,0,0,0.00011290457519823,0.00276819343856714,0,0,0,0
"2020-02-26",0,0,0,0.00616466528739542,0,0,0,0.00011290457519823,0.00332183212628057,0,0,0,0
"2020-02-27",0,0,0,0.00521073205656714,0,0,0,0.000225809150396459,0.00332183212628057,0,0,0,0
"2020-02-28",0,0,0,0.00566205530556114,0,0,0,0.000338713725594689,0.00304501278242386,0,0,0,0
"2020-02-29",0,0,0,0.00404139454781,0,0,0,0.000451618300792917,0.00387547081399401,0,0,0,4.37289894531786e-05
"2020-03-01",0,0,0,0.00437988698455557,0,0,0,0.000451618300792917,0.00304501278242387,0,0,0,4.37289894531786e-05
"2020-03-02",0,0,0,0.00327209355520657,0,0,0,0.000451618300792917,0.0055363868771343,0,0,0,0.000262373936719071
"2020-03-03",0,0,0,0.002892571732189,0,0,0,0.000338713725594687,0.00498274818942087,0,0.00030526495535906,0,0.00030610292617225
"2020-03-04",0,0,0,0.00272845418710014,0,0,0,0.000451618300792917,0.00636684490870444,0,0.00061052991071812,0,0.000481018883984964
"2020-03-05",0,0,0,0.00275922622680428,0,0,0,0.000338713725594689,0.00609002556484773,0,0.000915794866077181,0,0.000524747873438144
"2020-03-06",0,0,0,0.00260536602828371,0,0,0,0.000225809150396459,0.00802776097184473,0,0.0015263247767953,0.000214950953093386,0.000612205852344501
"2020-03-07",0,0,0,0.00241047644349071,0,0,0,0.00011290457519823,0.00775094162798801,0,0.0030526495535906,0.000429901906186771,0.000699663831250859
"2020-03-08",0.000321066955322127,0,0,0.00233867501751442,0,0,0,0.00022580915039646,0.00913503834727158,0,0.00518950424110403,0.000429901906186771,0.000874579789063573
"2020-03-09",0.000321066955322127,0,0,0.00214378543272157,0,0,0,0.000451618300792918,0.00692048359641784,0,0.00854741875005369,0.000644852859280157,0.000699663831250859
"2020-03-10",0.000321066955322127,0,0,0.00196941054106471,0,0,0,0.00079033202638761,0.00719730294027456,0,0.0103790084822081,0.0015046566716537,0.000918308778516751
"2020-03-11",0.000321066955322127,0.00375049797236829,0,0.00182580768911214,0,1.05615342861512e-05,0,0.000903236601585837,0.00692048359641784,0,0.0158737776786712,0.0015046566716537,0.000962037767969936
"2020-03-12",0.000321066955322127,0.00375049797236829,0,0.00161040341118329,0,1.05615342861512e-05,0,0.00135485490237875,0.00858139965955813,0,0.0158737776786711,0.00193455857784047,0.00135559867304854
"2020-03-13",0.000642133910644254,0.00375049797236829,0,0.00139499913325414,0,2.11230685723024e-05,0,0.00158066405277521,0.00664366425256113,0,0.0390739142859597,0.00193455857784047,0.00161797260976761
"2020-03-14",0.000642133910644254,0.00500066396315771,0,0.00124113893473343,0,2.11230685723024e-05,0,0.00169356862797344,0.00775094162798797,0.0234981730170479,0.0564740167414261,0.00580367573352141,0.00179288856758032
"2020-03-15",0.000321066955322127,0.00500066396315771,0,0.00105650669650871,0,2.11230685723024e-05,0,0.00180647320317166,0.00692048359641783,0.0234981730170479,0.0830320678576644,0.00881298907682881,0.00214272048320575
"2020-03-16",0.000321066955322127,0.00625082995394714,0,0.000964190577396283,0,2.11230685723024e-05,0,0.00225809150396459,0.00609002556484771,0.0234981730170479,0.0958531959827449,0.0135419100448833,0.0032796742089884
"2020-03-17",0.000321066955322127,0.0125016599078943,0,0.000933418537692138,0,3.16846028584537e-05,0,0.0019193777783699,0.00747412228413129,0.0234981730170479,0.152021947768811,0.0163362724350973,0.00454781490313058
"2020-03-18",0.000321066955322127,0.0137518258986837,0,0.000820587725443715,0,2.11230685723025e-05,0,0.0019193777783699,0.00664366425256114,0.0469963460340959,0.173695759599305,0.0236446048402724,0.00690918033360221
"2020-03-19",0.000642133910644253,0.0225029878342097,0,0.000789815685739427,0,3.16846028584538e-05,0,0.00158066405277521,0.00692048359641786,0.0939926920681917,0.236580340403272,0.0331024467763814,0.00966410666915247
"2020-03-20",0.000321066955322126,0.0425056436868406,0,0.00074878629946743,0,3.16846028584539e-05,0,0.00146775947757699,0.007750941627988,0.0939926920681917,0.277791109376745,0.0397659263222764,0.013730902688298
"2020-03-21",0.000642133910644253,0.0787604574197338,0,0.000676984873491138,0,2.11230685723026e-05,0.00160824450462853,0.00158066405277521,0.00830458031570143,0.164487211119335,0.360212647323692,0.0481490134929184,0.0177539697179905
"2020-03-22",0.000642133910644253,0.0887617853460493,0.000762752535923356,0.000728271606331141,0.000575472010415353,5.28076714307563e-05,0.00160824450462853,0.00180647320317167,0.00996549637884171,0.164487211119335,0.452707928797486,0.052877934460973,0.0220394106844021
"2020-03-23",0.000642133910644253,0.103763777235522,0.00152550507184671,0.000584668754378572,0.000863208015623029,8.449227428921e-05,0.00160824450462853,0.00124195032718051,0.00996549637884171,0.164487211119335,0.60106669710199,0.0642703349749224,0.0290797779863638
"2020-03-24",0.0012842678212885,0.140018590968416,0.00152550507184671,0.000523124674970429,0.000863208015623029,7.39307400030587e-05,0.00482473351388559,0.00135485490237874,0.0107959544104119,0.164487211119335,0.694477773441863,0.0924289098301559,0.0380879498137186
"2020-03-25",0.00192640173193276,0.205027222489467,0.00228825760777007,0.000451323248993998,0.00115094402083071,9.50538085753613e-05,0.00804122252314264,0.00146775947757699,0.011626412441982,0.140989038102287,0.923121225005799,0.126176209465818,0.0497635899977173
"2020-03-26",0.00192640173193276,0.248783032167096,0.00305101014369343,0.000430808555857997,0.00172641603124606,0.000168984548578419,0.0128659560370282,0.00158066405277521,0.0110727737542686,0.11749086508524,1.07911161719428,0.155409539086518,0.0645877174223448
"2020-03-27",0.00321066955322126,0.315041829678935,0.00381376267961679,0.000441065902425853,0.00172641603124606,0.000158423014292268,0.0192989340555423,0.00214518692876636,0.0124568704735523,0.258479903187527,1.25005999219536,0.210436983078424,0.0828227060243204
"2020-03-28",0.00449493737450978,0.357547473365775,0.00457651521554014,0.000410293862721716,0.00172641603124606,0.000211230685723025,0.0176906895509138,0.00225809150396459,0.0116264124419821,0.23498173017048,1.40635564933919,0.260735506102278,0.106173986392318
"2020-03-29",0.00481600432983191,0.445059092721036,0.00457651521554014,0.000307720397041425,0.0023018880416614,0.000211230685723026,0.0225154230647993,0.00259680522955929,0.0113495930981254,0.305476249221624,1.53578799041143,0.298781824799806,0.12725135930875
"2020-03-30",0.00610027215112041,0.531320546085506,0.00457651521554013,0.000348749783313568,0.00258962404686909,0.000232353754295328,0.0241236675694279,0.00270970980475751,0.0130105091612657,0.328974422238671,1.64995708371573,0.362837208821636,0.149465685950965
"2020-03-31",0.00674240606176467,0.728846772630236,0.00762752535923356,0.000287205703905139,0.0037405680676998,0.000264038357153782,0.027340156578685,0.00282261437995574,0.0116264124419821,0.35247259525572,1.72657858751084,0.417864652813542,0.186679055975619
"2020-04-01",0.00642133910644254,0.812607894013127,0.00991578296700363,0.000317977743609427,0.00374056806769979,0.000485830577162958,0.0337731345971991,0.00304842353035218,0.010795954410412,0.493461633358007,1.75222084376101,0.521471012204553,0.224023612968634
"2020-04-02",0.00866880779369743,0.988881298714437,0.010678535502927,0.000317977743609427,0.0037405680676998,0.000549199782879866,0.0450308461295988,0.00316132810555041,0.0105191350665553,0.493461633358006,1.82640022791326,0.623572714923911,0.271731940462052
"2020-04-03",0.0083477408383753,1.06764175613417,0.0129667931106971,0.000307720397041429,0.00546698409894586,0.000549199782879866,0.0450308461295989,0.00316132810555043,0.009688677034985,0.375970768272767,1.8499056294759,0.720085692862843,0.309994806233584
"2020-04-04",0.00802667388305317,1.16265437143416,0.0160178032543904,0.000317977743609423,0.00748113613539959,0.000654815125741377,0.0514638241481129,0.00350004183114511,0.00913503834727157,0.305476249221623,1.8209054587168,0.820037886051266,0.34970072865707
"2020-04-05",0.00802667388305317,1.27016864664206,0.0205943184699306,0.000297463050473284,0.00719340013019192,0.000760430468602889,0.05468031315737,0.00338713725594687,0.00858139965955814,0.352472595255719,1.7821368093862,0.903438855851501,0.392380222363371
"2020-04-06",0.00802667388305323,1.39893574369337,0.0221198235417773,0.000276948357337284,0.009783024177061,0.00109839956575973,0.0659380246897696,0.0035000418311451,0.007750941627988,0.44646528732391,1.71711537389471,0.945569242657804,0.439607530972804
"2020-04-07",0.00931094170434171,1.66272076774994,0.023645328613624,0.000266691010769286,0.00978302417706103,0.00121457644290739,0.0723710027082837,0.00350004183114511,0.00830458031570143,0.493461633358006,1.70368371585891,1.09624986077627,0.504238977384604
"2020-04-08",0.0112373434362744,1.76523437899467,0.0244080811495474,0.000215404277928855,0.0106462321926841,0.00126738411433816,0.0755874917175409,0.00372585098154157,0.009688677034985,0.399468941289814,1.64995708371571,1.17341725293679,0.546831013111999
"2020-04-09",0.0115584103915966,1.89025097807362,0.0297473489010109,0.000174374891656712,0.0143868002603839,0.0016264762800673,0.0804122252314264,0.00429037385753271,0.00968867703498499,0.516959806375056,1.55654600737584,1.27229469135975,0.578140969560476
"2020-04-10",0.0138058790788515,2.34531139872097,0.0327983590447043,0.000143602851952567,0.0158254802864222,0.00183770696579031,0.0884534477545689,0.00496780130872209,0.00941185769112828,0.540457979392101,1.49060877701829,1.35526575925379,0.614610946764426
"2020-04-11",0.0128426782128851,2.5790924389986,0.0350866166524744,0.000133345505384572,0.0195660483541219,0.00213342992580255,0.0916699367638263,0.00575813333510976,0.00941185769112829,0.728443363528486,1.42222942701786,1.37396649217292,0.640104947615629
"2020-04-12",0.0147690799448178,2.69160737816964,0.0350866166524743,0.000102573465680427,0.021292464385368,0.00245027595438708,0.0868452032499407,0.00609684706070438,0.00858139965955814,0.704945190511431,1.39445031608019,1.38600374554615,0.650906008010565
"2020-04-13",0.0157322808107841,2.83912696508279,0.034323864116551,0.000102573465680427,0.0189905763437066,0.00234466061152557,0.0948864257730826,0.0067742745118937,0.00858139965955814,0.657948844477336,1.34774477791024,1.41932114327563,0.657990104301979
"2020-04-14",0.0147690799448179,2.65285223245516,0.0373748742602444,0.000102573465680427,0.022155672400991,0.00256645283153476,0.0932781812684543,0.00812912941427252,0.00830458031570142,0.540457979392106,1.22441773594518,1.4139473694483,0.65291754152541
"2020-04-15",0.0154112138554621,2.75036517973674,0.0350866166524743,9.23161191124253e-05,0.022155672400991,0.00239746828295633,0.091669936763826,0.00914527059105663,0.00692048359641785,0.540457979392096,1.19541756518609,1.38213462839047,0.672551857789893
"2020-04-16",0.0138058790788514,2.91788742250252,0.0366121217243211,7.18014259762823e-05,0.0215802003905757,0.00234466061152557,0.090061692259198,0.0102743163430389,0.00692048359641786,0.399468941289807,1.18076484732884,1.36558340500229,0.670365408317232
"2020-04-17",0.0131637451682071,2.68035588425253,0.0389003793320911,0.0132935211521873,0.0210047283801603,0.0025347682286763,0.0900616922591971,0.010387220918237,0.00609002556484772,0.42296711430687,1.19694388996289,1.32065865580577,0.664505723730503
"2020-04-18",0.0147690799448179,2.63409974259331,0.0404258844039379,0.0132627491124831,0.0189905763437067,0.00246083748867324,0.101319403791597,0.0110646483694264,0.005813206220991,0.234981730170486,1.04919565156909,1.37740570742243,0.657727730365266
"2020-04-19",0.0134848121235293,2.60409575881437,0.040425884403938,0.0132627491124831,0.0201415203645374,0.00240802981724249,0.110968870819369,0.0121936941214087,0.00553638687713428,0.164487211119343,0.990279515184785,1.3292566939295,0.662800293141833
"2020-04-20",0.012521611257563,2.40656953226966,0.0434768945476314,0.013242234419347,0.0221556724009911,0.0024713990229594,0.0981029147823414,0.0134356444485894,0.00525956753327758,0.1409890381023,0.945100301791657,1.29722900191857,0.673382708589502
"2020-04-21",0.0144480129894957,2.30155558904334,0.0419513894757846,0.013242234419347,0.0198537843593297,0.00266150664011011,0.09810291478234,0.0150163085013646,0.00415229015785072,0.258479903187529,0.984784745988343,1.32818193916403,0.677230859661372
"2020-04-22",0.0131637451682071,2.27780243521834,0.0503416673709416,0.013231977072779,0.0215802003905757,0.00291498346297774,0.0948864257730828,0.0154679268021574,0.00359865147013729,0.258479903187529,0.918542250675414,1.32237826343051,0.6700155764016
"2020-04-23",0.0160533477661064,2.04152106295914,0.0480534097631714,0.013231977072779,0.020429256369745,0.00288329886011929,0.0804122252314257,0.0165969725541397,0.00304501278242385,0.328974422238672,0.867563003130456,1.24585572412926,0.6830030862692
"2020-04-24",0.0170165486320727,1.89525164203677,0.0442396470835547,-1.98254111540207e-18,0.0207169923749527,0.00310509108012847,0.0691545136990272,0.0161453542533469,0.00276819343856714,0.305476249221614,0.769878217415543,1.26821062325097,0.685932928562557
"2020-04-25",0.017979749498039,1.83024301051573,0.0419513894757846,-1.98254111540207e-18,0.0192783123489143,0.00321070642298997,0.0562885576619986,0.0161453542533469,0.00276819343856714,0.305476249221614,0.872752507371557,1.2054449449477,0.674301017368015
"2020-04-26",0.0192640173193277,1.76398421300389,0.0427141420117079,1.02573465679922e-05,0.0187028403384989,0.0034008140401407,0.0466390906342271,0.0158066405277521,0.00249137409471043,0.352472595255715,0.835510182817757,1.19061332918427,0.648194810664457
"2020-04-27",0.0195850842746497,1.72397890129862,0.0450023996194777,1.02573465679922e-05,0.0184151043332913,0.00366485239729449,0.04342260162497,0.0160324496781486,0.00221455475085371,0.305476249221614,0.814752165853329,1.13623073805164,0.616928583205443
"2020-04-28",0.0192640173193276,1.6664712657223,0.045765152155401,1.02573465679922e-05,0.0210047283801604,0.0038338369458729,0.0418143571203428,0.0150163085013644,0.00249137409471043,0.258479903187529,0.775372986611999,1.08184814691901,0.603766157380043
"2020-04-29",0.0199061512299719,1.54895566258809,0.0427141420117073,1.02573465679922e-05,0.0207169923749527,0.0042034906458882,0.0418143571203414,0.014790499350968,0.00249137409471043,0.211483557153443,0.780867755808471,1.06336236495299,0.607658037441372
"2020-04-30",0.0170165486320727,1.38018325383153,0.0450023996194776,1.02573465679922e-05,0.0224434084061987,0.0045731443459035,0.0482473351388557,0.0146775947757697,0.00221455475085372,0.164487211119343,0.728362183486714,1.0530447192045,0.6054715879687
"2020-05-01",0.0157322808107843,1.28016997456837,0.0457651521554017,1.02573465679922e-05,0.0256085044634833,0.004678759688765,0.0498555796434843,0.0169356862797344,0.00276819343856715,0.164487211119343,0.616329944869942,0.984690316120801,0.593096283953472
"2020-05-02",0.0166954816767507,1.06014076018943,0.0503416673709411,1.02573465679922e-05,0.0261839764738986,0.00525964407450333,0.0482473351388557,0.017726018306122,0.00221455475085372,0.164487211119343,0.670972371879214,0.935036645956229,0.5923966201222
"2020-05-03",0.0173376155873947,0.937624493092072,0.0541554300505585,-1.98254111540207e-18,0.027622656499937,0.00538638248593719,0.0498555796434843,0.0186292549077079,0.00249137409471043,0.187985384136386,0.633119517414685,0.911177090162858,0.582295223558529
"2020-05-04",0.020227218185294,0.896369015396015,0.0549181825864814,-1.98254111540207e-18,0.030212280546806,0.00662208199741683,0.0498555796434842,0.0186292549077077,0.00276819343856715,0.187985384136386,0.582140269869728,0.9004295425082,0.575867062108915
"2020-05-05",0.0183008164533613,0.856363703690759,0.0518671724427886,-1.98254111540207e-18,0.0313632245676367,0.00723465098601354,0.0450308461295986,0.017726018306122,0.00249137409471043,0.164487211119329,0.546729535048086,0.847551608047215,0.5784033434972
"2020-05-06",0.0189429503640054,1.04763910028154,0.0495789148350186,-1.98254111540207e-18,0.0342405846197136,0.0074564432060228,0.0385978681110857,0.0170485908549326,0.00249137409471043,0.211483557153429,0.482929159378042,0.820897689863629,0.570400938427257
"2020-05-07",0.020548285140616,1.02638627843812,0.0442396470835557,-1.98254111540207e-18,0.0328019045936751,0.00776272770032117,0.0289484010833142,0.0153550222269593,0.00221455475085372,0.234981730170472,0.466139586833286,0.782636420213015,0.5488862756163
"2020-05-08",0.0218325529619046,1.02263578046576,0.0457651521554014,-1.98254111540207e-18,0.032801904593675,0.00804788912604732,0.03216489009257,0.0140001673245804,0.00166091606314028,0.187985384136372,0.536045261610514,0.756842305841814,0.543420151934643
"2020-05-09",0.020227218185294,1.02013544848417,0.0434768945476314,-1.98254111540207e-18,0.0348160566301289,0.00821687367462561,0.0289484010833129,0.013322739873391,0.00166091606314028,0.211483557153428,0.420655108484785,0.690207510382872,0.537079448463943
"2020-05-10",0.0189429503640056,1.01513478452101,0.0396631318680143,-1.98254111540207e-18,0.0353915286405441,0.00867101964893014,0.03216489009257,0.0119678849710123,0.00110727737542686,0.117490865085243,0.414244544422243,0.6824692760715,0.528202463604943
"2020-05-11",0.0173376155873949,0.978879970788129,0.0404258844039386,-1.98254111540207e-18,0.0348160566301288,0.00768879696031814,0.0369896236064557,0.0116291712454177,0.00110727737542685,0.117490865085243,0.401728681252528,0.664198445058558,0.514384102937728
"2020-05-12",0.0176586825427169,0.931373663138128,0.0457651521554014,-1.98254111540207e-18,0.0330896405988827,0.00762542775460128,0.0353813791018272,0.0128711215725981,0.00110727737542685,0.140989038102286,0.398981296654286,0.640553840218286,0.4844297451623
"2020-05-13",0.0179797494980391,0.630083659357872,0.0495789148350186,-1.98254111540207e-18,0.0322264325832596,0.00809013526319186,0.0402061126157128,0.0136614535989859,0.00110727737542686,0.117490865085243,0.380665399332743,0.597778600552714,0.458410996437672
"2020-05-14",0.0227957538278712,0.610081003505244,0.0633084604816385,-1.98254111540207e-18,0.0339528486145057,0.008026766057475,0.0402061126157129,0.0141130718997786,0.00110727737542686,0.0704945190511569,0.381886459154186,0.5752087504779,0.4518516480197
"2020-05-15",0.020227218185294,0.547572703965758,0.0762752535923357,-1.98254111540207e-18,0.033952848614506,0.00811125833176414,0.0337731345972,0.0142259764749769,0.00166091606314028,0.0939926920681999,0.354107348216514,0.525984982219515,0.448003496947814
"2020-05-16",0.020227218185294,0.530070380094716,0.0892420467030328,1.02573465681429e-05,0.0336651126092983,0.00813238140033657,0.0337731345972,0.0140001673245804,0.00166091606314028,0.0704945190511432,0.331212476564585,0.555218311840214,0.436196669795457
"2020-05-17",0.0218325529619046,0.495065732352615,0.105259849957423,1.02573465681429e-05,0.0319386965780516,0.008586527374641,0.0321648900925714,0.0136614535989859,0.001937735406997,0.140989038102286,0.287559587948242,0.522975668876214,0.429855966324757
"2020-05-18",0.0218325529619046,0.466311914564458,0.11822664306812,1.02573465681429e-05,0.0325141685884673,0.00910404255466228,0.0289484010833143,0.0125324078470034,0.00138409671928358,0.140989038102286,0.294580681921485,0.513947728846286,0.437071249584529
"2020-05-19",0.0237589546938374,0.433807598803928,0.132718941250664,1.02573465681429e-05,0.0345283206249213,0.00936808091181614,0.0289484010833129,0.0110646483694266,0.00110727737542687,0.164487211119343,0.261917331698071,0.489443320193643,0.433223098512643
"2020-05-20",0.0237589546938374,0.383800959172356,0.151025002112824,1.02573465681429e-05,0.0348160566301286,0.00932583477467157,0.0241236675694271,0.010387220918237,0.00110727737542685,0.140989038102286,0.2393277250015,0.463864156775529,0.423121701948957
"2020-05-21",0.0202272181852939,0.3537969753934,0.168568310439061,1.02573465681429e-05,0.0365424726613757,0.00987503455755129,0.0225154230647985,0.00948398431665129,0.00110727737542685,0.140989038102286,0.188959007367256,0.446668080528057,0.398502280886815
"2020-05-22",0.0247221555598039,0.31629199566973,0.180009598477911,1.02573465681429e-05,0.0391320967082443,0.0102763728604251,0.02090717856017,0.00858074771506542,0.00110727737542687,0.117490865085243,0.356854732814729,0.433771023342444,0.380179834305943
"2020-05-23",0.026327490336415,0.290038509863158,0.192213639052686,-1.98254111540207e-18,0.0411462487446971,0.0105298496832927,0.0176906895509129,0.00756460653828143,0.00110727737542687,0.117490865085243,0.340370425225343,0.392715391301614,0.3741452337614
"2020-05-24",0.0253642894704481,0.285037845899987,0.20441767962746,-1.98254111540207e-18,0.0440236087967757,0.010550972751865,0.0112577115323985,0.00733879738788485,0.00110727737542685,0.0704945190511427,0.362960031921915,0.459780088666743,0.3680669042274
"2020-05-25",0.0272906912023804,0.290038509863144,0.21585896766631,-1.98254111540207e-18,0.0454622888228129,0.0107305188347297,0.0080412225231414,0.00688717908709201,0.00166091606314028,0.0704945190511427,-0.267106835939171,0.450752148636829,0.341392220660957
"2020-05-26",0.0292170929343141,0.282537513918416,0.226537503169237,-1.98254111540207e-18,0.0469009688488514,0.0110051187261696,0.00482473351388567,0.00654846536149729,0.00166091606314028,0.0234981730170425,-0.201780135492328,0.371220295992272,0.303697831752329
"2020-05-27",0.0311434946662457,0.267535522028945,0.226537503169237,-1.98254111540207e-18,0.0497783289009286,0.0116176877147663,0.00321648900925713,0.005871037910308,0.00138409671928357,0.0234981730170425,-0.235359280581829,0.391210734629957,0.303260541857801
"2020-05-28",0.0295381598896353,0.252533530139472,0.22958851331293,-1.98254111540207e-18,0.0489151208853043,0.0119028491404926,0.00804122252314286,0.00620975163590271,0.00138409671928357,0.0234981730170425,-0.250622528349785,0.4062573013465,0.3020361301531
"2020-05-29",0.0279328251130247,0.2725361859921,0.239504296279934,-1.98254111540207e-18,0.0492028568905129,0.0132441639948336,0.00804122252314286,0.00575813333510972,0.00083045803157013,0.0234981730170425,-0.4600342877261,0.402603135143914,0.298100521102314
"2020-05-30",0.0266485572917357,0.270035854010514,0.247131821639167,-1.98254111540207e-18,0.05323116096342,0.0139095406548611,0.00804122252314286,0.00553232418471313,0.00110727737542685,0.0234981730170425,-0.474076475672615,0.388416372239743,0.290229303000743
"2020-05-31",0.0279328251130243,0.233781040277614,0.256284852070247,-1.98254111540207e-18,0.0610000331040271,0.0146171634520334,0.00964946702777146,0.00519361045911858,0.00110727737542687,0,-0.496055552458472,0.319847018202958,0.293421519230829
"2020-06-01",0.02857495902367,0.217528882397357,0.268488892645022,-1.98254111540207e-18,0.0630141851404814,0.0151663632349131,0.00643297801851433,0.00474199215832557,0.000830458031570146,0,0.0894426319201995,0.315977901047271,0.303041896910529
"2020-06-02",0.02729069120238,0.213778384424986,0.291371468722721,-1.98254111540207e-18,0.0670424892133886,0.0156838784149346,0.0144742005416572,0.00440327843273085,0.00110727737542687,0,0.00305264955358478,0.341557064465401,0.31987755785
"2020-06-03",0.0266485572917371,0.197526226544729,0.331034600590736,-1.98254111540207e-18,0.0696321132602571,0.0164126242806791,0.0160824450462857,0.00395166013193801,0.00110727737542687,0,0.00335791450894187,0.3054453043457,0.297400857271057
"2020-06-04",0.0321066955322129,0.200026558526314,0.355442681740284,-1.98254111540207e-18,0.0762500413800343,0.0174476546407219,0.0112577115324,0.00338713725594686,0.00110727737542687,0,0.00427370937502834,0.259660751336815,0.289617097148415
"2020-06-05",0.0359594989960786,0.170022574747358,0.384427278105372,-1.98254111540207e-18,0.0840189135206414,0.0176272007235864,0.0112577115324,0.00327423268074872,0.00110727737542687,0,0.00396844441967126,0.256221536087328,0.278728578774558
"2020-06-06",0.0385280346386557,0.158771080830258,0.414937379542306,-1.98254111540207e-18,0.0906368416404186,0.0185988618779124,0.0176906895509143,0.00237099607916286,0.000830458031570146,0,0.0030526495535858,0.253857075603286,0.267490228485101
"2020-06-07",0.0401333694152671,0.160021246821058,0.444684728443317,-1.98254111540207e-18,0.0920755216664557,0.019000200180786,0.0209071785601714,0.00214518692876629,0.000553638687713425,0,0.00274738459822872,0.252567369884728,0.2566454391007
"2020-06-08",0.0439861728791314,0.150019918894742,0.877928168847776,-1.98254111540207e-18,0.0975425057654028,0.0196972614436721,0.0209071785601714,0.00237099607916285,0.000553638687713425,0,0.00274738459822872,0.244184282714086,0.244401322053814
"2020-06-09",0.0475179093876743,0.14251892295,0.835214026836081,-1.98254111540207e-18,0.104448169890386,0.0202887073636966,0.0144742005416571,0.00203228235356813,0.000830458031570146,0,0.00274738459822872,0.232791882200128,0.239197572308885
"2020-06-10",0.0488021772089628,0.133767761014471,0.915303043108021,-1.98254111540207e-18,0.111641570020579,0.0212709300523086,0.0128659560370286,0.00191937777836999,0.000830458031570146,0,0.00244211964287163,0.213446296421729,0.235043318310843
"2020-06-11",0.0504075119855743,0.110014607189458,0.985476276412971,-1.98254111540207e-18,0.115382138088279,0.0225488757009329,0.0144742005416572,0.00124195032718057,0.00110727737542685,0,0.000915794866070994,0.201838944954686,0.2284402409034
"2020-06-12",0.0491232441642857,0.100013279263156,1.08463410608301,-1.98254111540207e-18,0.11509440208307,0.0236050291295481,0.0144742005416572,0.00090323660158585,0.00110727737542685,0,0.000610529910713912,0.17454017391183,0.224679547810429
"2020-06-13",0.0536181815387943,0.0875116193552569,1.18989395604044,-1.98254111540207e-18,0.111353834015371,0.0237528906095541,0.00804122252314286,0.00135485490237871,0.00110727737542685,0,0.000305264955356829,0.166801939600472,0.228002951008871
"2020-06-14",0.0542603154494386,0.0750099594473573,1.28600077556678,-1.98254111540207e-18,0.117396290124733,0.0244288288038679,0.0032164890092572,0.00112904575198228,0.00110727737542685,0,-2.53765262771464e-16,0.160998263866944,0.222405640358872
"2020-06-15",0.0516917798068614,0.0687591294934156,0.837502284443857,-1.98254111540207e-18,0.120273650176809,0.025632843712489,0.00643297801851433,0.00101614117678415,0.00110727737542687,0,-2.53765262771464e-16,0.157129146711272,0.217420535561216
"2020-06-16",0.0516917798068629,0.0550073035947293,0.839027789515686,-1.98254111540207e-18,0.123438746234094,0.0438620518903861,0.00482473351388573,0.00158066405277529,0.000830458031570146,0,-2.53765262771464e-16,0.140577923323086,0.212654075710815
"2020-06-17",0.0571499180473386,0.0575076355763007,0.869537890952628,-1.98254111540207e-18,0.124014218244509,0.0436719442732354,0.00643297801851426,0.00146775947757686,0.00110727737542685,0,-2.53765262771464e-16,0.128970571856042,0.205307605482672
"2020-06-18",0.0587552528239486,0.0587578015671138,0.909963775356571,-1.98254111540207e-18,0.132934034405946,0.0430382522160663,0.00482473351388567,0.00146775947757686,0.000830458031570146,0,-2.53765262771464e-16,0.1270360132782,0.198923173022515
"2020-06-19",0.0622869893324928,0.0612581335486873,0.932846351434271,-1.98254111540207e-18,0.143868002603839,0.0429220753389186,0.00643297801851426,0.00304842353035214,0.000830458031570146,0,0.359907382368328,0.1169333184828,0.192013992688915
"2020-06-20",0.0568288510920171,0.0575076355763149,0.910726527892486,1.02573465680001e-05,0.153651026780899,0.0428692676674879,0.00804122252314286,0.00316132810555043,0.000830458031570146,0,0.362044237055843,0.109195084171443,0.184711251450229
"2020-06-21",0.0571499180473386,0.0512568056223713,0.8817419315274,1.02573465680001e-05,0.164009522968374,0.0441366517818258,0.00964946702777139,0.00316132810555043,0.000830458031570146,0,0.362349502011214,0.110054887983814,0.183836671661157
"2020-06-22",0.0606816545558828,0.0437558096776287,0.869537890952614,1.02573465680001e-05,0.168037827041283,0.0434184674503684,0.00804122252314286,0.00293551895515385,0.000830458031570146,0,0.362654766966571,0.106615672734314,0.183880400650614
"2020-06-23",0.0642133910644257,0.0625082995394719,0.855808345306,2.05146931360022e-05,0.173504811140229,0.0271748277182674,0.00964946702777139,0.00350004183114515,0.000553638687713425,0,0.362960031921928,0.101026947953886,0.184798709429128
"2020-06-24",0.0651765919303928,0.0587578015671159,0.851231830090472,2.05146931360022e-05,0.180410475265213,0.0280619965983043,0.00804122252314286,0.00361294640634343,0.000553638687713425,0,0.363570561832642,0.0960830760327434,0.185891934165457
"2020-06-25",0.06485552497507,0.0537571376039447,0.8100431931506,3.07720397041391e-05,0.202566147666204,0.0288118655326204,0.00964946702777146,0.00406456470713629,0.000553638687713425,0,0.364486356698713,0.102961506531729,0.178764108884586
"2020-06-26",0.0658187258410357,0.0450059756684134,0.743683722525271,3.07720397041391e-05,0.22040577998908,0.0289069193411966,0.0160824450462843,0.00225809150396458,0.000553638687713425,0,0.00702109397327152,0.101456849860072,0.176971220317014
"2020-06-27",0.0690293953942571,0.0450059756684154,0.802415667791371,2.0514693136137e-05,0.233929372233842,0.0300053189069557,0.0192989340555414,0.00180647320317172,0.000553638687713425,0,0.00580003415182796,0.0947933703141859,0.172423405413887
"2020-06-28",0.07095579712619,0.0450059756684154,0.785635112001057,2.0514693136137e-05,0.270759580900424,0.0293188191783557,0.0192989340555415,0.00191937777837,0.000553638687713425,0,0.00610529910717084,0.0947933703141869,0.171767470572087
"2020-06-29",0.0760928684113443,0.0450059756684154,0.818433471045771,2.0514693136137e-05,0.2773775090202,0.0304383418126871,0.0192989340555414,0.00191937777837,0.000276819343856705,0,0.00671582901790023,0.0965129779389431,0.171505096635372
"2020-06-30",0.0735243327687671,0.042505643686844,0.902336249997343,1.02573465681349e-05,0.267594484843138,0.0308819262527057,0.0192989340555415,0.000790332026387579,0.000276819343856705,0,0.0091579486607711,0.0879149398152008,0.163021672681458
"2020-07-01",0.0754507345006986,0.0400053117052564,0.779533091713671,1.02573465681349e-05,0.281693549098316,0.0310509108012843,0.0225154230647986,0.00101614117678399,0,0,0.0112948033482859,0.0900644493461292,0.160223017356457
"2020-07-02",0.0754507345007,0.0437558096776287,0.775719329034057,-1.98254111540207e-18,0.283995437139977,0.0307551878412728,0.0241236675694271,0.000677427451189419,0,0,0.0116000683036572,0.0775972940667144,0.167875590510757
"2020-07-03",0.0812299396964971,0.042505643686844,0.749785742812658,-1.98254111540207e-18,0.277952981030616,0.0313677568298686,0.0192989340555429,0.000677427451189419,0.00027681934385672,0,0.0143474529018709,0.0715786673801002,0.169537292109972
"2020-07-04",0.0879723457582629,0.0487564736407857,0.644525892855243,-1.98254111540207e-18,0.288599213223299,0.0335117482899586,0.0209071785601715,0.000677427451189419,0.00027681934385672,0,0.0134316580357997,0.069859059755343,0.159348437567371
"2020-07-05",0.0882934127135857,0.0487564736407857,0.609439276202757,-1.98254111540207e-18,0.254934100614001,0.0339870173328357,0.0209071785601714,0.000564522875991133,0.000553638687713441,0,0.0128211281250855,0.067279648318228,0.159829456451372
"2020-07-06",0.0969622205072814,0.052506971613158,0.617066801561986,-1.98254111540207e-18,0.269320900874384,0.03449397097857,0.0241236675694286,0.000677427451189277,0.000830458031570146,0,0.0128211281250703,0.0651301387872863,0.159086063630657
"2020-07-07",0.108199563943557,0.0337544817513147,0.569013391798814,-1.98254111540207e-18,0.294929405337869,0.0342404941557028,0.0353813791018286,0.00101614117678399,0.000830458031570146,0,0.0112948033482859,0.0651301387872863,0.183530568734986
"2020-07-08",0.11012596567549,0.0275036517973731,0.625457079457143,-1.98254111540207e-18,0.304136957504514,0.0348002554728686,0.0353813791018271,0.000677427451189435,0.00138409671928357,0,0.00976847857148526,0.0565321006635572,0.191008225931486
"2020-07-09",0.107557430032913,0.0212528218434151,0.5812174323736,-1.98254111540207e-18,0.308740733587837,0.0358141627643386,0.0385978681110843,0.000564522875991148,0.00166091606314029,0,0.0100737435268423,0.0543825911326287,0.203164884999472
"2020-07-10",0.108199563943557,0.0200026558526284,0.556809351224057,-1.98254111540207e-18,0.330320933978413,0.0366274009043729,0.0402061126157129,0.000564522875991148,0.00138409671928357,0,0.00549476919645667,0.0511583268362283,0.210248981290886
"2020-07-11",0.10563102830098,0.0137518258986868,0.525536497251185,-1.98254111540207e-18,0.33866527812944,0.0359620242443443,0.0385978681110842,0.000564522875991148,0.00166091606314029,0,0.00549476919645667,0.047934062539829,0.228790072819043
"2020-07-12",0.108520630898879,0.0137518258986868,0.511806951604571,-1.98254111540207e-18,0.357655854473146,0.0367647008500914,0.0498555796434844,0.000677427451189293,0.00138409671928357,0.023498173017043,0.00549476919645667,0.0457845530089005,0.236311459004986
"2020-07-13",0.103062492658403,0.0100013279263145,0.488161622990957,-1.98254111540207e-18,0.358231326483554,0.0376835543329871,0.0498555796434842,0.000677427451189435,0.00110727737542687,0.023498173017043,0.0054947691964719,0.0455696020557997,0.236617561931143
"2020-07-14",0.104025693524369,0.0162521578802724,0.484347860311329,1.02573465680001e-05,0.364273782592924,0.0387291462273157,0.0466390906342271,0.000338713725594718,0.00110727737542687,0.023498173017043,0.00518950424109959,0.0434200925248712,0.224067341958086
"2020-07-15",0.114299836094677,0.0150019918894715,0.467567304521028,3.07720397041471e-05,0.370316238702277,0.0399754072730815,0.0514638241481128,0.000225809150396431,0.00110727737542687,0.023498173017043,0.0051895042411138,0.0367566129789717,0.228833801808472
"2020-07-16",0.125858246486273,0.0212528218434294,0.4637535418414,3.07720397041471e-05,0.378372846848099,0.0422250140760329,0.0578968021666272,0.000338713725594718,0.00138409671928357,0.023498173017043,0.00457897433038542,0.0352519563073153,0.226734810314729
"2020-07-17",0.12971104995014,0.0237531538250007,1.19447047125597,4.10293862721412e-05,0.392184175098064,0.0438303672875271,0.06593802468977,0.000338713725594718,0.00166091606314029,0.023498173017043,0.00518950424111481,0.0335323486825571,0.231632457133486
"2020-07-18",0.131637451682071,0.022502987834214,1.19294496618413,5.12867328401433e-05,0.401967199275114,0.0437564365475243,0.0755874917175415,0.000451618300792862,0.00166091606314028,0.023498173017043,0.00518950424111481,0.0318127410578141,0.239022656351071
"2020-07-19",0.133242786458683,0.022502987834214,1.1624348647472,5.12867328401433e-05,0.411174751441771,0.0456575127190328,0.07558749171754,0.000338713725594718,0.001937735406997,0,0.00518950424111481,0.0322426429640006,0.238672824435443
"2020-07-20",0.1509014690014,0.0287538177881577,1.22726883030067,5.12867328401433e-05,0.424122871676114,0.04599548181619,0.0804122252314258,0.000451618300792862,0.001937735406997,0,0.00488423928574251,0.0322426429640148,0.245494546790158
"2020-07-21",0.16759695067815,0.0225029878341998,1.22650607776476,6.15440794082882e-05,0.443401184025029,0.0467136661476471,0.0868452032499401,0.000451618300792862,0.00221455475085372,0,0.00457897433038542,0.0281585748552293,0.253409493881172
"2020-07-22",0.172734021963304,0.0250033198157854,1.17158789517827,4.10293862721412e-05,0.448580432118772,0.0522479101135914,0.0868452032499415,0.000677427451189419,0.00166091606314029,0,0.00396844441965705,0.0262240162773854,0.264254283265571
"2020-07-23",0.189429503640056,0.0212528218434151,1.18074092560936,5.12867328401354e-05,0.477354032639528,0.05279710989647,0.0932781812684557,0.000790332026387564,0.00138409671928357,0.0234981730170572,0.00396844441967126,0.0229997519809851,0.270463799767914
"2020-07-24",0.201951114897617,0.0212528218434151,0.432480687868543,5.12867328401433e-05,0.485410640785343,0.05370540184508,0.0900616922591971,0.00101614117678399,0.00110727737542685,0.0234981730170572,0.00366317946429996,0.0242894576995578,0.279078410690186
"2020-07-25",0.216078060931791,0.0262534858065721,0.438582708155928,6.15440794082882e-05,0.504401217129057,0.0553846857965772,0.0900616922591971,0.00112904575198228,0.000830458031570146,0.0234981730170572,0.00366317946429996,0.0255791634181153,0.280215364415972
"2020-07-26",0.218004462663724,0.0262534858065721,0.464516294377314,6.15440794082882e-05,0.514759713316529,0.0557015318251614,0.0981029147823413,0.00135485490237871,0.000830458031570146,0.0234981730170572,0.00366317946429996,0.0249343105588432,0.281527234099572
"2020-07-27",0.220251931350979,0.0212528218434294,0.422564904901543,0.000102573465680431,0.531736137623786,0.0562507316080414,0.0948864257730827,0.00112904575198228,0.00110727737542685,0.0234981730170572,0.00366317946429996,0.0234296538871716,0.3075459828242
"2020-07-28",0.221215132216946,0.0350046477421136,0.429429677724858,9.23161191124213e-05,0.549000297936243,0.0576765387366728,0.0981029147823399,0.001467759477577,0.00083045803157013,0.0469963460341002,0.00366317946431418,0.0225698500747996,0.319265351997657
"2020-07-29",0.224746868725489,0.0350046477421014,0.424090409973386,0.000102573465680423,0.598778626837172,0.0538004556536543,0.0981029147823399,0.00124195032718044,0.00083045803157013,0.0704945190511427,0.00457897433038542,0.0262240162774007,0.328492168772272
"2020-07-30",0.237268479983051,0.0350046477420994,0.411123616862686,0.000102573465680431,0.610575803050686,0.0540433709422357,0.0932781812684542,0.00169356862797343,0.000830458031570146,0.0469963460340855,0.00427370937502834,0.0242894576995578,0.333914563464472
"2020-07-31",0.236305279117086,0.0300039837789586,0.414174627006386,0.000112830812248568,0.612877691092357,0.0544235861765371,0.102927648296226,0.00158066405277529,0.000830458031570146,0.0469963460340855,0.00396844441967024,0.0217100462624286,0.338812210283229
"2020-08-01",0.225710069591456,0.0300039837789586,0.391292050928687,0.000153860198520711,0.593023906733029,0.0560183778537471,0.110968870819368,0.00180647320317172,0.000830458031570146,0.0939926920681857,0.00396844441967024,0.0212801443562431,0.348476316952371
"2020-08-02",0.227636471323387,0.0300039837789586,0.378325257817986,0.00017437489165685,0.611439011066314,0.0566520699109143,0.106144137305483,0.00169356862797357,0.000553638687713425,0.117490865085243,0.00396844441967024,0.0206352914969568,0.345327829711742
"2020-08-03",0.242084484312884,0.0350046477420994,0.396631318680143,0.000164117545088706,0.6445286516652,0.0584052846024157,0.115793604333254,0.00225809150396472,0.00027681934385672,0.140989038102286,0.0116000683036562,0.0202053895907855,0.319965015828914
"2020-08-04",0.256853564257701,0.0237531538250007,0.385190030641285,0.000194889584792855,0.6448163876704,0.0591657150710186,0.12061833784714,0.00248390065436114,0.000553638687713441,0.117490865085243,0.0189264272322566,0.0195605367315001,0.320183660776172
"2020-08-05",0.2626327694535,0.0287538177881577,0.392054803464599,0.000194889584792855,0.624387131300657,0.0606654529396528,0.119010093342512,0.00304842353035228,0.000553638687713441,0.0939926920682004,0.0177053674108283,0.0152615176696289,0.317778566356243
"2020-08-06",0.260064233810923,0.0262534858065863,0.390529298392758,0.000215404277928994,0.612589955087143,0.06196452165685,0.122226582351767,0.00304842353035214,0.000553638687713425,0.117490865085243,0.017400102455457,0.0191306348253146,0.319177894018743
"2020-08-07",0.278686117219606,0.0312541497697291,0.3821390204976,0.000205146931360857,0.617193731170471,0.06344313645691,0.110968870819369,0.00383875555673972,0.000830458031570146,0.117490865085243,0.0177053674108283,0.0174110272005716,0.319002978060943
"2020-08-08",0.297629067583617,0.0312541497697291,0.364595712171357,0.000143602851952567,0.635896571508957,0.0635276287311986,0.107752381810112,0.00338713725594686,0.00110727737542685,0.0939926920681999,0.0177053674108283,0.0152615176696432,0.317822295345701
"2020-08-09",0.307582143198596,0.0337544817513147,0.357730939348057,0.000174374891656716,0.630717323415229,0.0660201508227314,0.102927648296226,0.00383875555673971,0.00110727737542685,0.0704945190511427,0.0177053674108283,0.0152615176696289,0.322413839238286
"2020-08-10",0.305334674511344,0.0362548137329003,0.3295090955189,0.000174374891656858,0.6148918431288,0.06673833515419,0.107752381810111,0.00383875555673971,0.00110727737542685,0.0704945190511427,0.0317475553573282,0.0189156838722148,0.321889091364843
"2020-08-11",0.329093629205186,0.0412554776960431,0.330271848054815,0.000174374891656716,0.621509771248586,0.0664954198656086,0.0981029147823401,0.00395166013193801,0.00083045803157013,0.0939926920681857,0.0253369912948,0.0178409291067581,0.308508020592186
"2020-08-12",0.35542111954159,0.0512568056223713,0.315016797336343,0.000205146931361,0.636759779524586,0.0668967581684814,0.11901009334251,0.00429037385753271,0.00083045803157013,0.0939926920681857,0.0244211964287288,0.0191306348253146,0.3141927892211
"2020-08-13",0.356705387362882,0.0687591294934156,0.312728539728571,0.000205146931360857,0.634745627488143,0.0681747038171058,0.12061833784714,0.00440327843273101,0.000553638687713425,0.0704945190511432,0.0320528203126995,0.0191306348253004,0.306146655161701
"2020-08-14",0.358310722139498,0.0725096274657859,0.291371468722714,0.000205146931361,0.6451041236756,0.0688400804771343,0.135092538388797,0.00429037385753271,0.000276819343856705,0.0704945190511432,0.0348002049109285,0.0189156838722148,0.310738199054286
"2020-08-15",0.357668588228843,0.0812607894013132,0.292896973794571,0.000225661624496996,0.653160731821428,0.0697166878228843,0.13026780487491,0.00575813333510971,0,0.0704945190511432,0.0348002049109285,0.0189156838722138,0.308464291602728
"2020-08-16",0.352210449988371,0.0837611213828866,0.286032200971257,0.000174374891656708,0.6488446917433,0.0690196265599986,0.136700782893424,0.00632265621110086,0,0.0704945190511432,0.0348002049109285,0.0189156838722148,0.311044301980457
"2020-08-17",0.337120303088229,0.081260789401301,0.285269448435329,0.000143602851952567,0.638198459550629,0.0690724342314286,0.127051315865654,0.00677427451189372,0.00027681934385672,0.0704945190511427,0.0213685468751427,0.0156914195758144,0.307502253834758
"2020-08-18",0.3351939013563,0.0925122833184159,0.2806929332198,0.00012308815881657,0.616905995165257,0.07178674854297,0.138309027398053,0.00869365229026356,0.00027681934385672,0.0469963460340997,0.0271685810269567,0.0154764686227288,0.31900297806093
"2020-08-19",0.358631789094814,0.0862614533644722,0.284506695899415,9.23161191122865e-05,0.616330523154842,0.0721669637772714,0.228370719657251,0.00925817516625471,0.000553638687713441,0.0469963460340997,0.0665477602682711,0.0148316157634434,0.311350404906629
"2020-08-20",0.370832333397057,0.0750099594473715,0.283743943363486,9.23161191124293e-05,0.586405978613242,0.0719134869544043,0.231587208666509,0.00948398431665129,0.00110727737542687,0.0469963460340997,0.0634951107146861,0.0122522043263285,0.311962610758986
"2020-08-21",0.386243547252514,0.0762601254381562,0.292134221258643,8.20587725442844e-05,0.597339946811143,0.0713748487058099,0.231587208666507,0.0107259346438319,0.00110727737542687,0.0469963460340997,0.0674635551343576,0.0103176457484856,0.301817485205829
"2020-08-22",0.3888120828951,0.0662587975118442,0.302812756761571,8.20587725444272e-05,0.620934299238172,0.0710368796086543,0.233195453171137,0.00970979346704772,0.00110727737542687,0.0234981730170425,0.0674635551343576,0.0135419100448859,0.299805951690986
"2020-08-23",0.411607836722971,0.0662587975118422,0.305101014369343,8.20587725444272e-05,0.638486195555843,0.0699279185086085,0.239628431189651,0.00959688889184957,0.00110727737542687,0.0234981730170425,0.0674635551343576,0.0137568609979858,0.294558472956615
"2020-08-24",0.498295914659943,0.0650086315210575,0.307389271977114,8.20587725444272e-05,0.644528651665201,0.0696321955485957,0.249277898217421,0.0100485071926426,0.00110727737542685,0,0.068989879911143,0.0139718119510725,0.2944710149777
"2020-08-25",0.486416437313014,0.0462561416592143,0.314254044800428,7.18014259762823e-05,0.653160731821429,0.0683225652971128,0.242844920198909,0.00948398431665129,0.00166091606314029,0,0.0775372986612002,0.0148316157634424,0.290054387042943
"2020-08-26",0.4844900355811,-0.112514939171043,0.314254044800428,7.18014259764251e-05,0.634457891482929,0.0697694954943158,0.151174983435081,0.00925817516625485,0.00166091606314028,0,0.0531161022324854,0.0148316157634424,0.285550301129257
"2020-08-27",0.492195642508814,-0.115015271152628,0.305863766905272,6.15440794082802e-05,0.657189035894328,0.0705510490314899,0.143133760911939,0.00948398431665129,0.001937735406997,0,0.0558634868307143,0.0161213214819999,0.286687254855029
"2020-08-28",0.4947641781514,-0.123766433088156,0.311965787192657,9.23161191124213e-05,0.632443739446471,0.0713537256372371,0.136700782893421,0.00858074771506544,0.00332183212628057,0,0.0528108372771141,0.0176259781536583,0.280608925321058
"2020-08-29",0.4832057677598,-0.12126610110657,0.296710736474186,0.000102573465680431,0.602806930910071,0.0717339408715386,0.139917271902678,0.0103872209182376,0.00387547081399399,0,0.0528108372771141,0.0163362724350866,0.279734345531986
"2020-08-30",0.472610558234171,-0.122516267097371,0.298998994081958,0.000112830812248568,0.588995602660115,0.0731597480001686,0.136700782893421,0.0109517437942277,0.00415229015785071,0,0.0528108372771141,0.0152615176696289,0.273481100040186
"2020-08-31",0.415460640186829,-0.126266765069727,0.284506695899414,0.00012308815881657,0.589858810675728,0.0728534635058714,0.147958494425823,0.0109517437942279,0.00387547081399401,0,0.0677688200897136,0.0150465667165423,0.280084177447615
"2020-09-01",0.4353667914168,-0.123766433088156,0.276879170540172,0.00012308815881657,0.621797507253785,0.07367726318019,0.157607961453594,0.0106130300686341,0.00387547081399399,0,0.0696004098218704,0.0122522043263153,0.272868894187829
"2020-09-02",0.410644635857,0.0237531538249865,0.270014397716872,0.000143602851952567,0.621797507253785,0.0729168327115871,0.151174983435081,0.0109517437942279,0.00442910950170743,0,0.0680740850450565,0.0107475476546721,0.265172592044072
"2020-09-03",0.420918778427314,0.0187524898618438,0.266963387573172,0.000133345505384572,0.618920147201714,0.0733287325487486,0.162432694967481,0.0105001254934359,0.00415229015785071,0,0.0726530593754564,0.0111774495608576,0.263554619434315
"2020-09-04",0.434082523595514,0.0187524898618438,0.276116418004257,0.000102573465680431,0.610575803050686,0.0740469168802072,0.159216205958229,0.0114033620950207,0.00332183212628058,0,0.124242836831142,0.0113924005139564,0.2634671614554
"2020-09-05",0.444998800076471,0.0187524898618417,0.282218438291642,7.18014259762823e-05,0.602231458899672,0.0752826163916858,0.162432694967486,0.01016141176784,0.00304501278242386,0,0.124242836831142,0.0113924005139575,0.255027466490943
"2020-09-06",0.450135871361614,0.0162521578802724,0.265437882501328,8.20587725442844e-05,0.589571074670528,0.0757578854345628,0.160824450462857,0.00914527059105714,0.00332183212628057,0,0.124242836831142,0.0116073514670431,0.259312907457343
"2020-09-07",0.471647357368214,0.0175023238710428,0.276879170540172,9.23161191124293e-05,0.5619484181706,0.0790742072004143,0.139917271902686,0.00891946144065999,0.00470592884556414,0,0.128821811161529,0.0116073514670431,0.245363359821772
"2020-09-08",0.477105495608686,0.0187524898618438,0.275353665468329,9.23161191124213e-05,0.508429521201957,0.0798135146004458,0.133484293884171,0.00959688889184857,0.00498274818942086,0,0.1349271102687,0.0178409291067571,0.218295115350271
"2020-09-09",0.494443111196072,0.0237531538250007,0.273065407860557,6.15440794082802e-05,0.491453096894714,0.0811759525233586,0.136700782893429,0.00959688889185,0.00470592884556414,0,0.132484990625843,0.0174110272005574,0.223979883979186
"2020-09-10",0.496369512928015,0.0225029878341998,0.273828160396486,5.12867328402781e-05,0.476778560629115,0.0823694058976929,0.147958494425828,0.00925817516625428,0.00525956753327758,0,0.141948204241957,0.0174110272005716,0.216983245666672
"2020-09-11",0.489627106866243,0.022502987834214,0.271539902788714,5.12867328402781e-05,0.469009688488514,0.0835522977377413,0.155999716948971,0.0085807477150657,0.00609002556484771,0,0.100432170313129,0.0165512233881864,0.227609390103786
"2020-09-12",0.489306039910915,0.0212528218434151,0.262386872357643,6.15440794082802e-05,0.454047416217714,0.0840698129177642,0.154391472444343,0.00903236601585857,0.00664366425256115,0,0.100432170313129,0.0159063705289143,0.224941921747158
"2020-09-13",0.479352964295943,0.0225029878341998,0.272302655324643,4.10293862721412e-05,0.435056839874,0.0853371970321029,0.160824450462857,0.00925817516625428,0.00747412228413129,0,0.100432170313129,0.0165512233881854,0.223892426000271
"2020-09-14",0.493800977285428,0.022502987834214,0.275353665468342,3.07720397041391e-05,0.433905895853171,0.0845028358234956,0.176906895509143,0.00880655686546285,0.00719730294027457,0,0.101347965179199,0.0178409291067439,0.230364316439358
"2020-09-15",0.464583884351114,0.022502987834214,0.273065407860572,3.07720397041471e-05,0.4232596636605,0.0863511043235729,0.172082161995243,0.00733879738788572,0.00636684490870443,0,0.125158631697214,0.0167661743412863,0.267184125558915
"2020-09-16",0.468115620859657,0.022502987834214,0.271539902788715,3.07720397041471e-05,0.410023807420944,0.0859286429521271,0.178515140013757,0.00779041568867713,0.00719730294027457,0,0.187737947545815,0.0193455857784003,0.258656972615543
"2020-09-17",0.498616981615257,0.0237531538250007,0.275353665468328,3.07720397041471e-05,0.399953047238671,0.0855589892521114,0.147958494425814,0.00835493856466856,0.00747412228413128,0,0.215517058483501,0.0208502424500576,0.256864084047972
"2020-09-18",0.484168968625772,0.0225029878342019,0.266200635037258,4.10293862721412e-05,0.3300331979732,0.0860448198292743,0.170473917490614,0.00812912941427288,0.00636684490870443,0,0.228338186608571,0.0253642124650144,0.244488780032729
"2020-09-19",0.493158843374786,0.0262534858065721,0.273828160396472,3.07720397041391e-05,0.375495486796014,0.0862454889807115,0.1978140740693,0.00711298823748855,0.00692048359641785,0,0.228338186608571,0.0292333296207001,0.244707424979986
"2020-09-20",0.546134891002943,0.0287538177881577,0.25704760460617,3.07720397041391e-05,0.369453030686657,0.0861821197749943,0.2203294971341,0.00677427451189429,0.00609002556484771,0,0.228338186608571,0.032027692010915,0.238366721509286
"2020-09-21",0.582736523909657,0.0287538177881577,0.217384472738144,2.05146931359943e-05,0.366575670634586,0.0861715582407086,0.2203294971341,0.00711298823748858,0.005813206220991,0,0.248790938617642,0.0324575939170995,0.238410450498729
"2020-09-22",0.674240606176471,0.0312541497697291,0.214333462594455,1.02573465679922e-05,0.319099229775314,0.0840064437120471,0.221937741638743,0.0063226562111,0.005813206220991,0,0.274738459823157,0.0346071034480279,0.226822268293643
"2020-09-23",0.725611319028014,0.0300039837789444,0.21890997781,2.0514693136137e-05,0.364849254603328,0.0839747591091885,0.257319120740572,0.00496780130872287,0.005813206220991,0,0.241464579689014,0.038261269650629,0.231851102080758
"2020-09-24",0.740380398972829,0.0362548137329003,0.249420079246944,2.0514693136137e-05,0.3110426216295,0.0836262284777458,0.336123101467371,0.00564522875991142,0.004982748189421,0,0.217653913171014,0.0423453377593861,0.234081280542871
"2020-09-25",0.819362869982057,0.0400053117052706,0.250182831782857,2.0514693136145e-05,0.413764375488643,0.0819575060605344,0.347380812999771,0.00496780130872142,0.005813206220991,0,0.224980272099628,0.0438499944310577,0.234474841447942
"2020-09-26",0.881007725403914,0.037504979723687,0.257047604606171,2.0514693136145e-05,0.361684158546058,0.0818624522519585,0.345772568495143,0.0048548967335243,0.004982748189421,0,0.224980272099628,0.0455696020558007,0.235830440120986
"2020-09-27",0.865596511548443,0.0400053117052726,0.270777150252787,2.0514693136145e-05,0.368302086665829,0.0809013526319185,0.337731345971986,0.00462908758312716,0.005813206220991,0,0.224980272099628,0.045354651102715,0.237623328688572
"2020-09-28",0.844727159452515,0.0462561416592021,0.305101014369342,2.0514693136145e-05,0.357943590478343,0.0779758076346542,0.376329214083071,0.00485489673352284,0.00525956753327758,0,0.228338186608571,0.0457845530089005,0.233075513785443
"2020-09-29",0.824178874311899,0.0575076355763149,0.308152024513043,2.0514693136145e-05,0.411750223452186,0.0789685918575528,0.390803414624729,0.00553232418471428,0.006920483596418,0,0.154769332367043,0.0533078363671578,0.228221595956143
"2020-09-30",0.822252472579957,0.0712594614750012,0.302050004225657,1.02573465680001e-05,0.360245478520014,0.0795177916404329,0.392411659129357,0.00564522875991142,0.00609002556484772,0,0.231085571206813,0.0606161687723285,0.221224957643628
"2020-10-01",1.77293172728879,0.0725096274657859,0.269251645180942,1.02573465680001e-05,0.417217207551129,0.07903196106327,0.392411659129357,0.00451618300793001,0.005813206220991,0.023498173017043,0.261001536831985,0.064700236881114,0.218338844339714
"2020-10-02",1.73087195614159,0.0850112873736875,0.259335862213943,-1.98254111540207e-18,0.372330390738729,0.0788207303775471,0.3554220355229,0.00530651503431713,0.00581320622099115,0.023498173017043,0.260696271876641,0.0715786673801002,0.217857825455743
"2020-10-03",1.68624364935181,0.0875116193552569,0.250182831782871,-1.98254111540207e-18,0.362547366561671,0.0768774080688942,0.387586925615471,0.00530651503431571,0.00553638687713428,0.023498173017043,0.260696271876641,0.0745879807233997,0.214927983162372
"2020-10-04",1.69170178759229,0.105013943226301,0.257810357142099,-1.98254111540207e-18,0.352188870374199,0.0754410394059772,0.406885859671029,0.00553232418471285,0.00442910950170757,0.023498173017043,0.260696271876641,0.0780271959728999,0.217857825455728
"2020-10-05",1.71931354574999,0.113765105161843,0.258573109678029,-1.98254111540207e-18,0.346146414264843,0.0765816851088829,0.402061126157143,0.00462908758312716,0.00415229015785085,0.0704945190511432,0.248485673662271,0.0793169016914574,0.224023612968629
"2020-10-06",1.70422339884984,0.113765105161843,0.263149624893558,-1.98254111540207e-18,0.342118110191928,0.0745433089916544,0.432617771745086,0.00462908758312716,0.00332183212628044,0.0939926920681857,0.328159827010986,0.0801767055038436,0.214840525183458
"2020-10-07",1.69812312669873,0.115015271152627,0.266200635037243,-1.98254111540207e-18,0.340103958155472,0.0723253867915629,0.410102348680271,0.00440327843273144,0.00332183212628071,0.0939926920681857,0.23535928058183,0.0799617545507437,0.214315777310028
"2020-10-08",0.777624165790186,0.128767097051316,0.263149624893558,-1.98254111540207e-18,0.283132229124357,0.0709418258000771,0.3891951701201,0.00417746928233426,0.00332183212628058,0.0939926920681999,0.218264443081728,0.0838308717064152,0.219257153118244
"2020-10-09",0.843121824675914,0.142518922949986,0.269251645180942,-1.98254111540207e-18,0.315934133718028,0.0694315263971585,0.406885859671014,0.00361294640634286,0.00276819343856714,0.117490865085243,0.257338357367686,0.088344841721372,0.220875125728
"2020-10-10",0.894492537527443,0.163771744793415,0.269251645180942,-1.98254111540207e-18,0.317660549749271,0.069199172642863,0.416535326698786,0.00361294640634429,0.00304501278242386,0.140989038102286,0.257338357367686,0.0952232722203714,0.218601218276443
"2020-10-11",0.915040822668071,0.158771080830272,0.258573109678015,-1.98254111540207e-18,0.322839797843015,0.0682803191599686,0.419751815708043,0.00338713725594714,0.00304501278242386,0.164487211119343,0.257338357367686,0.102101702719358,0.221793434506529
"2020-10-12",0.872659984565542,0.166272076775,0.258573109678015,-1.98254111540207e-18,0.328306781941956,0.0664003660570327,0.424576549221928,0.00327423268074857,0.00332183212628057,0.140989038102285,0.274433194867801,0.108765182265244,0.216327310824872
"2020-10-13",0.881328792359243,0.190025230599986,0.248657326711014,-1.98254111540207e-18,0.323415269853429,0.0636966132797785,0.414927082194157,0.00293551895515428,0.00359865147013743,0.117490865085243,0.219180237947814,0.123166896122501,0.220481564822929
"2020-10-14",0.865275444593143,0.212528218434202,0.2478945741751,-1.98254111540207e-18,0.323990741863842,0.0606232068025085,0.440658994268229,0.00361294640634283,0.00332183212628057,0.117490865085243,0.259780477010571,0.13756860997977,0.223586323074102
"2020-10-15",0.845048226407842,0.251283364148671,0.203654927091543,-1.98254111540207e-18,0.3674388786502,0.0598944609367642,0.4229683047173,0.00372585098154143,0.00359865147013729,0.0939926920681857,0.264054186385599,0.150680618118472,0.217201890613928
"2020-10-16",0.802025254394672,0.2600345260842,0.235690533600315,-1.98254111540207e-18,0.322552061837814,0.0589544843852958,0.410102348680271,0.00462908758312858,0.00359865147013729,0.0704945190511427,0.258254152233756,0.161213214820042,0.214578151246743
"2020-10-17",0.811015129143701,0.271286020001315,0.241029801351772,-1.98254111540207e-18,0.328882253952372,0.0601690608282041,0.4004528816525,0.00496780130872145,0.00332183212628057,0.0469963460340997,0.258254152233756,0.176044830583487,0.219738172002228
"2020-10-18",0.770239625817772,0.277536849955243,0.2417925538877,-1.98254111540207e-18,0.326868101915914,0.0576659772023856,0.368287991559928,0.00496780130872284,0.00304501278242385,0.0234981730170425,0.258254152233756,0.176474732489656,0.220000545938943
"2020-10-19",0.812299396964986,0.290038509863144,0.228825760776999,-1.98254111540207e-18,0.321401117816972,0.0564091546223344,0.3891951701201,0.00508070588392141,0.00359865147013729,0.0469963460341002,0.264969981251671,0.182923261082485,0.225685314567857
"2020-10-20",0.811657263054343,0.306290667743416,0.233402275992544,-1.98254111540207e-18,0.325429421889871,0.0562718546766143,0.358638524532157,0.00496780130872142,0.00332183212628057,0.0704945190511432,0.307096545091214,0.203988454485627,0.231676186122944
"2020-10-21",0.834131949926886,0.326293323596044,0.2318767709207,-1.98254111540207e-18,0.333198294030486,0.0565042084309099,0.3103911893933,0.00451618300792859,0.00387547081399401,0.117490865085243,0.290917502457185,0.215595805952672,0.238410450498742
"2020-10-22",0.839590088167357,0.326293323596044,0.273065407860557,-1.98254111540207e-18,0.339528486145057,0.0543390939022486,0.308782944888686,0.00530651503431716,0.00387547081399399,0.164487211119343,0.295496476787558,0.226558304560428,0.239809778161243
"2020-10-23",0.839590088167356,0.373799631246042,0.240267048815856,-1.98254111540207e-18,0.341254902176301,0.0523640869907387,0.302349966870172,0.0047419921583257,0.00387547081399399,0.187985384136386,0.298243861385813,0.245473988432644,0.241821311676087
"2020-10-24",0.804593790037242,0.431307266822345,0.2318767709207,-1.98254111540207e-18,0.344419998233585,0.0475585888905388,0.2927004998424,0.00451618300792998,0.00359865147013729,0.187985384136386,0.298243861385813,0.250632811306886,0.25017354866163
"2020-10-25",0.844085025541886,0.496315898343402,0.235690533600328,-1.98254111540207e-18,0.340679430165886,0.0465129969962102,0.302349966870172,0.00496780130872145,0.00359865147013729,0.187985384136386,0.298243861385813,0.268688691366744,0.247987099188972
"2020-10-26",0.829958079507701,0.570075691799986,0.249420079246944,-1.98254111540207e-18,0.358519062488757,0.04546740510188,0.305566455879414,0.00508070588392002,0.00359865147013729,0.281978076204571,0.317170288618058,0.273417612334787,0.249080323925315
"2020-10-27",0.844406092497186,0.686341128943399,0.24713182163917,-1.98254111540207e-18,0.372042654733529,0.0432600444360757,0.329690123448843,0.00530651503431716,0.00304501278242386,0.258479903187528,0.332128271430656,0.300501432424558,0.250567109566713
"2020-10-28",0.819362869982057,0.788854740188129,0.238741543743998,-1.98254111540207e-18,0.3708917107127,0.0413061605931373,0.326473634439586,0.00508070588392141,0.00249137409471042,0.211483557153429,0.335791450894957,0.326080595842657,0.24409521912763
"2020-10-29",0.797851383975486,0.900119513368385,0.248657326711016,-1.98254111540207e-18,0.3708917107127,0.0399648457387958,0.303958211374786,0.00575813333510857,0.00221455475085372,0.234981730170471,0.341286220091429,0.345641132574173,0.249211510893659
"2020-10-30",0.787898308360499,0.99263179668686,0.239504296279928,-1.98254111540207e-18,0.383552094941829,0.0389192538444671,0.297525233356271,0.00564522875991142,0.00193773540699701,0.258479903187529,0.3437283397343,0.356388680228843,0.252578643081557
"2020-10-31",0.767028956264558,1.11014739982107,0.24026704881587,-1.98254111540207e-18,0.3780851108429,0.0377786081415627,0.268576832272957,0.00666136993669429,0.00249137409471044,0.258479903187529,0.3437283397343,0.389061225099028,0.250348464619444
"2020-11-01",0.720474247742843,1.15890387346187,0.231114018384773,-1.98254111540207e-18,0.391608703087657,0.0379475926901414,0.252494387226671,0.00677427451189429,0.00304501278242386,0.258479903187529,0.3437283397343,0.391425685583057,0.251660334303044
"2020-11-02",0.74551747025797,1.19890918516703,0.228063008241086,-1.98254111540207e-18,0.375495486796029,0.0379687157587144,0.204247052087828,0.00745170196308284,0.00332183212628058,0.305476249221628,0.374254835270199,0.398734017988229,0.253409493881171
"2020-11-03",0.745517470257986,1.36018059797887,0.223486493025543,-1.98254111540207e-18,0.368877558676243,0.0380320849644301,0.175298651004514,0.00767751111347855,0.00359865147013729,0.469963460340957,0.365402151564786,0.405182546581029,0.279778074521444
"2020-11-04",0.786292973583899,1.45144271530653,0.234927781064402,1.02573465680001e-05,0.362547366561672,0.0400070918759415,0.165649183976743,0.00767751111347859,0.00359865147013729,0.563956152409157,0.809562661612229,0.444303620044029,0.283407580646056
"2020-11-05",0.746159604168629,1.51520118083673,0.218147225274084,2.0514693136137e-05,0.369165294681443,0.0411371760445601,0.210680030106343,0.00654846536149857,0.00359865147013729,0.6344506714603,0.869089327907257,0.465368813447171,0.291409985715985
"2020-11-06",0.752580943275072,1.57020848443143,0.222723740489629,2.0514693136137e-05,0.365424726613757,0.0414117759359985,0.209071785601714,0.00609684706070431,0.00359865147013729,0.657948844477343,0.902057943086015,0.482779840647743,0.298712726954656
"2020-11-07",0.753223077185715,1.602712800192,0.222723740489615,2.0514693136137e-05,0.368589822671027,0.0423517524874672,0.201030563078572,0.00519361045911856,0.00332183212628057,0.657948844477343,0.902057943086015,0.501480573566872,0.304091392657414
"2020-11-08",0.776982031879557,1.64771877586043,0.225774750633314,2.0514693136137e-05,0.367151142644984,0.0422883832817499,0.192989340555429,0.00508070588391999,0.00332183212628057,0.657948844477343,0.902057943086015,0.500190867848302,0.306933776971856
"2020-11-09",0.733316925955744,1.697725415492,0.21814722527407,2.0514693136137e-05,0.380099262879344,0.0418447988417314,0.1576079614536,0.00530651503431716,0.00359865147013727,0.775439709562572,0.942658182148786,0.512872974080813,0.313755499326543
"2020-11-10",0.684193681791442,1.79398819678286,0.222723740489615,3.07720397041391e-05,0.368589822671029,0.0418236757731586,0.147958494425829,0.00519361045911856,0.00359865147013729,0.728443363528486,0.870005122773329,0.541891352748428,0.305446991330444
"2020-11-11",0.645665647152801,1.78398686885657,0.223486493025543,2.0514693136137e-05,0.37376907076477,0.0401971994930914,0.165649183976743,0.0054194196095157,0.00332183212628058,0.634450671460286,0.606561466298456,0.564246251870143,0.31957145492383
"2020-11-12",0.647270981929399,1.71397757337243,0.225011998097386,1.02573465680001e-05,0.368877558676242,0.0388981307758942,0.107752381810115,0.00541941960951428,0.00332183212628057,0.798937882579628,0.602898286834141,0.604012178192414,0.322151465301571
"2020-11-13",0.612916817709944,1.74773205512372,0.219672730345928,1.02573465680001e-05,0.363698310582499,0.0382961233215843,0.115793604333257,0.00609684706070428,0.00415229015785071,0.916428747664872,0.590992953575143,0.608526148207371,0.320533492691801
"2020-11-14",0.628970165476042,1.745231723142,0.212045204986686,1.02573465680001e-05,0.355066230426272,0.0371132314815356,0.0916699367638282,0.00564522875991145,0.00415229015785071,0.916428747664872,0.590992953575143,0.619058744908943,0.331553198033999
"2020-11-15",0.602321608184299,1.70772674341829,0.210519699914842,1.02573465680001e-05,0.356792646457529,0.036532347095797,0.0932781812684575,0.00598394248550571,0.00387547081399401,0.916428747664872,0.590992953575143,0.62163815634607,0.338287462409801
"2020-11-16",0.584341858686271,1.75023238710529,0.209756947378929,1.02573465680001e-05,0.359382270504385,0.0365429086300829,0.0916699367638282,0.00553232418471285,0.00249137409471044,1.01042143973307,0.582445534825085,0.625722224454843,0.340298995924643
"2020-11-17",0.617411755084457,1.59771213622886,0.207468689771157,-1.98254111540207e-18,0.360533214525229,0.0361415703272098,0.0836287142406858,0.00620975163590289,0.00249137409471042,0.986923266716014,0.71523579040627,0.640123938312101,0.353898711644571
"2020-11-18",0.583057590864972,1.58396031033014,0.201366669483771,-1.98254111540207e-18,0.3599577425148,0.0365112240272243,0.0627215356805146,0.00688717908709143,0.00304501278242385,1.1749086508524,0.590382423664429,0.625722224454843,0.375063542539914
"2020-11-19",0.561867171813729,1.63146661798014,0.195264649196371,-1.98254111540207e-18,0.365424726613757,0.036902000795813,0.0578968021666282,0.00745170196308287,0.00359865147013729,1.01042143973306,0.558634868307073,0.612610216316159,0.409084696334487
"2020-11-20",0.560261837037099,1.55770682452357,0.202129422019687,-1.98254111540207e-18,0.362547366561673,0.0373667083044028,0.0450308461296,0.00745170196308284,0.00304501278242385,0.963425093698957,0.564740167414257,0.641628594983757,0.442274999329458
"2020-11-21",0.512101793738801,1.52395234277229,0.192976391588614,-1.98254111540207e-18,0.366863406639786,0.0379370311558545,0.0578968021666287,0.00756460653828141,0.00332183212628058,0.963425093698957,0.564740167414257,0.615404578706371,0.449665198547028
"2020-11-22",0.502790852034457,1.496448690975,0.190688133980842,-1.98254111540207e-18,0.361396422540829,0.0387397077616029,0.1077523818101,0.00779041568867859,0.00415229015785071,0.963425093698957,0.564740167414257,0.665058248870943,0.462477792456814
"2020-11-23",0.447888402674372,1.42393906350914,0.185348866229372,-1.98254111540207e-18,0.361396422540843,0.0390671153244741,0.122226582351757,0.00745170196308287,0.00442910950170743,0.869432401630771,0.573287586164314,0.663553592199287,0.470305281568943
"2020-11-24",0.425734782757144,1.37393242387757,0.189162628908986,-1.98254111540207e-18,0.372905862749142,0.0391410460644772,0.138309027398043,0.00767751111347998,0.00470592884556415,1.01042143973306,0.604424611610944,0.665488150777114,0.490158242780686
"2020-11-25",0.438898527925356,1.31517462231043,0.183823361157528,-1.98254111540207e-18,0.373193598754357,0.0384967924730214,0.139917271902671,0.00846784313986713,0.00470592884556415,0.939926920681915,0.609919380807399,0.701170008990628,0.507649838561958
"2020-11-26",0.45238334004887,1.27891980857757,0.213570710058544,-1.98254111540207e-18,0.361971894551258,0.0375251313186928,0.147958494425814,0.0085807477150657,0.00415229015785071,0.939926920681914,0.635866902012927,0.700310205178243,0.474634451524799
"2020-11-27",0.457841478289357,1.23391383290914,0.209756947378915,-1.98254111540207e-18,0.36974076669187,0.0366907701100901,0.1527832279397,0.0110646483694257,0.00525956753327816,0.939926920681914,0.625487893530715,0.702244763756087,0.452201479935314
"2020-11-28",0.455915076557413,1.17390586535129,0.222723740489615,1.02573465680001e-05,0.373193598754357,0.036637962438657,0.155999716948957,0.0124195032718057,0.00498274818942041,0.939926920681914,0.625487893530715,0.732122946236073,0.441706522466559
"2020-11-29",0.472289491278843,1.16140420544343,0.21890997781,1.02573465680001e-05,0.373193598754357,0.0359197781072044,0.104535892800858,0.0128711215725971,0.00470592884556358,0.939926920681914,0.625487893530715,0.692571970866888,0.437595997457958
"2020-11-30",0.516275664157971,1.11264773180257,0.2318767709207,1.02573465680001e-05,0.370316238702271,0.035940901175766,0.0868452032499424,0.0143388810501757,0.00442910950170686,1.1279123048183,0.591603483485857,0.691712167054515,0.448921805726329
"2020-12-01",0.480316165161899,1.06014076018943,0.228063008241086,1.02573465680001e-05,0.361684158546043,0.0361521318614985,0.0884534477545717,0.0164840679789414,0.00359865147013672,1.10441413180126,0.562603312726756,0.690637412289056,0.468643579969714
"2020-12-02",0.462978549574501,1.04263843631843,0.228825760776999,2.0514693136145e-05,0.361684158546059,0.03617325493007,0.0916699367638282,0.01783892288132,0.00387547081399328,1.08091595878421,0.533297877012271,0.680534717493657,0.49081417762247
